index,h5_name,model_name,h5_normalized,model_normalized,same_position
0,efficientnetb0/block6c_se_reduce/kernel:0,normalization_3/mean:0,efficientnetb0/block6c_se_reduce/kernel,normalization_3/mean,False
1,efficientnetb0/block6c_se_reduce/bias:0,normalization_3/variance:0,efficientnetb0/block6c_se_reduce/bias,normalization_3/variance,False
2,efficientnetb0/block6c_se_expand/kernel:0,normalization_3/count:0,efficientnetb0/block6c_se_expand/kernel,normalization_3/count,False
3,efficientnetb0/block6c_se_expand/bias:0,stem_conv/kernel:0,efficientnetb0/block6c_se_expand/bias,stem_conv/kernel,False
4,efficientnetb0/block6c_project_conv/kernel:0,stem_bn/gamma:0,efficientnetb0/block6c_project_conv/kernel,stem_bn/gamma,False
5,efficientnetb0/block6d_expand_conv/kernel:0,stem_bn/beta:0,efficientnetb0/block6d_expand_conv/kernel,stem_bn/beta,False
6,efficientnetb0/block6d_dwconv/depthwise_kernel:0,stem_bn/moving_mean:0,efficientnetb0/block6d_dwconv/depthwise_kernel,stem_bn/moving_mean,False
7,efficientnetb0/block6d_se_reduce/kernel:0,stem_bn/moving_variance:0,efficientnetb0/block6d_se_reduce/kernel,stem_bn/moving_variance,False
8,efficientnetb0/block6d_se_reduce/bias:0,block1a_dwconv/depthwise_kernel:0,efficientnetb0/block6d_se_reduce/bias,block1a_dwconv/depthwise_kernel,False
9,efficientnetb0/block6d_se_expand/kernel:0,block1a_bn/gamma:0,efficientnetb0/block6d_se_expand/kernel,block1a_bn/gamma,False
10,efficientnetb0/block6d_se_expand/bias:0,block1a_bn/beta:0,efficientnetb0/block6d_se_expand/bias,block1a_bn/beta,False
11,efficientnetb0/block6d_project_conv/kernel:0,block1a_bn/moving_mean:0,efficientnetb0/block6d_project_conv/kernel,block1a_bn/moving_mean,False
12,efficientnetb0/block7a_expand_conv/kernel:0,block1a_bn/moving_variance:0,efficientnetb0/block7a_expand_conv/kernel,block1a_bn/moving_variance,False
13,efficientnetb0/block7a_dwconv/depthwise_kernel:0,block1a_se_reduce/kernel:0,efficientnetb0/block7a_dwconv/depthwise_kernel,block1a_se_reduce/kernel,False
14,efficientnetb0/block7a_se_reduce/kernel:0,block1a_se_reduce/bias:0,efficientnetb0/block7a_se_reduce/kernel,block1a_se_reduce/bias,False
15,efficientnetb0/block7a_se_reduce/bias:0,block1a_se_expand/kernel:0,efficientnetb0/block7a_se_reduce/bias,block1a_se_expand/kernel,False
16,efficientnetb0/block7a_se_expand/kernel:0,block1a_se_expand/bias:0,efficientnetb0/block7a_se_expand/kernel,block1a_se_expand/bias,False
17,efficientnetb0/block7a_se_expand/bias:0,block1a_project_conv/kernel:0,efficientnetb0/block7a_se_expand/bias,block1a_project_conv/kernel,False
18,efficientnetb0/block7a_project_conv/kernel:0,block1a_project_bn/gamma:0,efficientnetb0/block7a_project_conv/kernel,block1a_project_bn/gamma,False
19,efficientnetb0/top_conv/kernel:0,block1a_project_bn/beta:0,efficientnetb0/top_conv/kernel,block1a_project_bn/beta,False
20,efficientnetb0/normalization_1/mean:0,block1a_project_bn/moving_mean:0,efficientnetb0/normalization_1/mean,block1a_project_bn/moving_mean,False
21,efficientnetb0/normalization_1/variance:0,block1a_project_bn/moving_variance:0,efficientnetb0/normalization_1/variance,block1a_project_bn/moving_variance,False
22,efficientnetb0/normalization_1/count:0,block2a_expand_conv/kernel:0,efficientnetb0/normalization_1/count,block2a_expand_conv/kernel,False
23,efficientnetb0/stem_conv/kernel:0,block2a_expand_bn/gamma:0,efficientnetb0/stem_conv/kernel,block2a_expand_bn/gamma,False
24,efficientnetb0/stem_bn/gamma:0,block2a_expand_bn/beta:0,efficientnetb0/stem_bn/gamma,block2a_expand_bn/beta,False
25,efficientnetb0/stem_bn/beta:0,block2a_expand_bn/moving_mean:0,efficientnetb0/stem_bn/beta,block2a_expand_bn/moving_mean,False
26,efficientnetb0/stem_bn/moving_mean:0,block2a_expand_bn/moving_variance:0,efficientnetb0/stem_bn/moving_mean,block2a_expand_bn/moving_variance,False
27,efficientnetb0/stem_bn/moving_variance:0,block2a_dwconv/depthwise_kernel:0,efficientnetb0/stem_bn/moving_variance,block2a_dwconv/depthwise_kernel,False
28,efficientnetb0/block1a_dwconv/depthwise_kernel:0,block2a_bn/gamma:0,efficientnetb0/block1a_dwconv/depthwise_kernel,block2a_bn/gamma,False
29,efficientnetb0/block1a_bn/gamma:0,block2a_bn/beta:0,efficientnetb0/block1a_bn/gamma,block2a_bn/beta,False
30,efficientnetb0/block1a_bn/beta:0,block2a_bn/moving_mean:0,efficientnetb0/block1a_bn/beta,block2a_bn/moving_mean,False
31,efficientnetb0/block1a_bn/moving_mean:0,block2a_bn/moving_variance:0,efficientnetb0/block1a_bn/moving_mean,block2a_bn/moving_variance,False
32,efficientnetb0/block1a_bn/moving_variance:0,block2a_se_reduce/kernel:0,efficientnetb0/block1a_bn/moving_variance,block2a_se_reduce/kernel,False
33,efficientnetb0/block1a_se_reduce/kernel:0,block2a_se_reduce/bias:0,efficientnetb0/block1a_se_reduce/kernel,block2a_se_reduce/bias,False
34,efficientnetb0/block1a_se_reduce/bias:0,block2a_se_expand/kernel:0,efficientnetb0/block1a_se_reduce/bias,block2a_se_expand/kernel,False
35,efficientnetb0/block1a_se_expand/kernel:0,block2a_se_expand/bias:0,efficientnetb0/block1a_se_expand/kernel,block2a_se_expand/bias,False
36,efficientnetb0/block1a_se_expand/bias:0,block2a_project_conv/kernel:0,efficientnetb0/block1a_se_expand/bias,block2a_project_conv/kernel,False
37,efficientnetb0/block1a_project_conv/kernel:0,block2a_project_bn/gamma:0,efficientnetb0/block1a_project_conv/kernel,block2a_project_bn/gamma,False
38,efficientnetb0/block1a_project_bn/gamma:0,block2a_project_bn/beta:0,efficientnetb0/block1a_project_bn/gamma,block2a_project_bn/beta,False
39,efficientnetb0/block1a_project_bn/beta:0,block2a_project_bn/moving_mean:0,efficientnetb0/block1a_project_bn/beta,block2a_project_bn/moving_mean,False
40,efficientnetb0/block1a_project_bn/moving_mean:0,block2a_project_bn/moving_variance:0,efficientnetb0/block1a_project_bn/moving_mean,block2a_project_bn/moving_variance,False
41,efficientnetb0/block1a_project_bn/moving_variance:0,block2b_expand_conv/kernel:0,efficientnetb0/block1a_project_bn/moving_variance,block2b_expand_conv/kernel,False
42,efficientnetb0/block2a_expand_conv/kernel:0,block2b_expand_bn/gamma:0,efficientnetb0/block2a_expand_conv/kernel,block2b_expand_bn/gamma,False
43,efficientnetb0/block2a_expand_bn/gamma:0,block2b_expand_bn/beta:0,efficientnetb0/block2a_expand_bn/gamma,block2b_expand_bn/beta,False
44,efficientnetb0/block2a_expand_bn/beta:0,block2b_expand_bn/moving_mean:0,efficientnetb0/block2a_expand_bn/beta,block2b_expand_bn/moving_mean,False
45,efficientnetb0/block2a_expand_bn/moving_mean:0,block2b_expand_bn/moving_variance:0,efficientnetb0/block2a_expand_bn/moving_mean,block2b_expand_bn/moving_variance,False
46,efficientnetb0/block2a_expand_bn/moving_variance:0,block2b_dwconv/depthwise_kernel:0,efficientnetb0/block2a_expand_bn/moving_variance,block2b_dwconv/depthwise_kernel,False
47,efficientnetb0/block2a_dwconv/depthwise_kernel:0,block2b_bn/gamma:0,efficientnetb0/block2a_dwconv/depthwise_kernel,block2b_bn/gamma,False
48,efficientnetb0/block2a_bn/gamma:0,block2b_bn/beta:0,efficientnetb0/block2a_bn/gamma,block2b_bn/beta,False
49,efficientnetb0/block2a_bn/beta:0,block2b_bn/moving_mean:0,efficientnetb0/block2a_bn/beta,block2b_bn/moving_mean,False
50,efficientnetb0/block2a_bn/moving_mean:0,block2b_bn/moving_variance:0,efficientnetb0/block2a_bn/moving_mean,block2b_bn/moving_variance,False
51,efficientnetb0/block2a_bn/moving_variance:0,block2b_se_reduce/kernel:0,efficientnetb0/block2a_bn/moving_variance,block2b_se_reduce/kernel,False
52,efficientnetb0/block2a_se_reduce/kernel:0,block2b_se_reduce/bias:0,efficientnetb0/block2a_se_reduce/kernel,block2b_se_reduce/bias,False
53,efficientnetb0/block2a_se_reduce/bias:0,block2b_se_expand/kernel:0,efficientnetb0/block2a_se_reduce/bias,block2b_se_expand/kernel,False
54,efficientnetb0/block2a_se_expand/kernel:0,block2b_se_expand/bias:0,efficientnetb0/block2a_se_expand/kernel,block2b_se_expand/bias,False
55,efficientnetb0/block2a_se_expand/bias:0,block2b_project_conv/kernel:0,efficientnetb0/block2a_se_expand/bias,block2b_project_conv/kernel,False
56,efficientnetb0/block2a_project_conv/kernel:0,block2b_project_bn/gamma:0,efficientnetb0/block2a_project_conv/kernel,block2b_project_bn/gamma,False
57,efficientnetb0/block2a_project_bn/gamma:0,block2b_project_bn/beta:0,efficientnetb0/block2a_project_bn/gamma,block2b_project_bn/beta,False
58,efficientnetb0/block2a_project_bn/beta:0,block2b_project_bn/moving_mean:0,efficientnetb0/block2a_project_bn/beta,block2b_project_bn/moving_mean,False
59,efficientnetb0/block2a_project_bn/moving_mean:0,block2b_project_bn/moving_variance:0,efficientnetb0/block2a_project_bn/moving_mean,block2b_project_bn/moving_variance,False
60,efficientnetb0/block2a_project_bn/moving_variance:0,block3a_expand_conv/kernel:0,efficientnetb0/block2a_project_bn/moving_variance,block3a_expand_conv/kernel,False
61,efficientnetb0/block2b_expand_conv/kernel:0,block3a_expand_bn/gamma:0,efficientnetb0/block2b_expand_conv/kernel,block3a_expand_bn/gamma,False
62,efficientnetb0/block2b_expand_bn/gamma:0,block3a_expand_bn/beta:0,efficientnetb0/block2b_expand_bn/gamma,block3a_expand_bn/beta,False
63,efficientnetb0/block2b_expand_bn/beta:0,block3a_expand_bn/moving_mean:0,efficientnetb0/block2b_expand_bn/beta,block3a_expand_bn/moving_mean,False
64,efficientnetb0/block2b_expand_bn/moving_mean:0,block3a_expand_bn/moving_variance:0,efficientnetb0/block2b_expand_bn/moving_mean,block3a_expand_bn/moving_variance,False
65,efficientnetb0/block2b_expand_bn/moving_variance:0,block3a_dwconv/depthwise_kernel:0,efficientnetb0/block2b_expand_bn/moving_variance,block3a_dwconv/depthwise_kernel,False
66,efficientnetb0/block2b_dwconv/depthwise_kernel:0,block3a_bn/gamma:0,efficientnetb0/block2b_dwconv/depthwise_kernel,block3a_bn/gamma,False
67,efficientnetb0/block2b_bn/gamma:0,block3a_bn/beta:0,efficientnetb0/block2b_bn/gamma,block3a_bn/beta,False
68,efficientnetb0/block2b_bn/beta:0,block3a_bn/moving_mean:0,efficientnetb0/block2b_bn/beta,block3a_bn/moving_mean,False
69,efficientnetb0/block2b_bn/moving_mean:0,block3a_bn/moving_variance:0,efficientnetb0/block2b_bn/moving_mean,block3a_bn/moving_variance,False
70,efficientnetb0/block2b_bn/moving_variance:0,block3a_se_reduce/kernel:0,efficientnetb0/block2b_bn/moving_variance,block3a_se_reduce/kernel,False
71,efficientnetb0/block2b_se_reduce/kernel:0,block3a_se_reduce/bias:0,efficientnetb0/block2b_se_reduce/kernel,block3a_se_reduce/bias,False
72,efficientnetb0/block2b_se_reduce/bias:0,block3a_se_expand/kernel:0,efficientnetb0/block2b_se_reduce/bias,block3a_se_expand/kernel,False
73,efficientnetb0/block2b_se_expand/kernel:0,block3a_se_expand/bias:0,efficientnetb0/block2b_se_expand/kernel,block3a_se_expand/bias,False
74,efficientnetb0/block2b_se_expand/bias:0,block3a_project_conv/kernel:0,efficientnetb0/block2b_se_expand/bias,block3a_project_conv/kernel,False
75,efficientnetb0/block2b_project_conv/kernel:0,block3a_project_bn/gamma:0,efficientnetb0/block2b_project_conv/kernel,block3a_project_bn/gamma,False
76,efficientnetb0/block2b_project_bn/gamma:0,block3a_project_bn/beta:0,efficientnetb0/block2b_project_bn/gamma,block3a_project_bn/beta,False
77,efficientnetb0/block2b_project_bn/beta:0,block3a_project_bn/moving_mean:0,efficientnetb0/block2b_project_bn/beta,block3a_project_bn/moving_mean,False
78,efficientnetb0/block2b_project_bn/moving_mean:0,block3a_project_bn/moving_variance:0,efficientnetb0/block2b_project_bn/moving_mean,block3a_project_bn/moving_variance,False
79,efficientnetb0/block2b_project_bn/moving_variance:0,block3b_expand_conv/kernel:0,efficientnetb0/block2b_project_bn/moving_variance,block3b_expand_conv/kernel,False
80,efficientnetb0/block3a_expand_conv/kernel:0,block3b_expand_bn/gamma:0,efficientnetb0/block3a_expand_conv/kernel,block3b_expand_bn/gamma,False
81,efficientnetb0/block3a_expand_bn/gamma:0,block3b_expand_bn/beta:0,efficientnetb0/block3a_expand_bn/gamma,block3b_expand_bn/beta,False
82,efficientnetb0/block3a_expand_bn/beta:0,block3b_expand_bn/moving_mean:0,efficientnetb0/block3a_expand_bn/beta,block3b_expand_bn/moving_mean,False
83,efficientnetb0/block3a_expand_bn/moving_mean:0,block3b_expand_bn/moving_variance:0,efficientnetb0/block3a_expand_bn/moving_mean,block3b_expand_bn/moving_variance,False
84,efficientnetb0/block3a_expand_bn/moving_variance:0,block3b_dwconv/depthwise_kernel:0,efficientnetb0/block3a_expand_bn/moving_variance,block3b_dwconv/depthwise_kernel,False
85,efficientnetb0/block3a_dwconv/depthwise_kernel:0,block3b_bn/gamma:0,efficientnetb0/block3a_dwconv/depthwise_kernel,block3b_bn/gamma,False
86,efficientnetb0/block3a_bn/gamma:0,block3b_bn/beta:0,efficientnetb0/block3a_bn/gamma,block3b_bn/beta,False
87,efficientnetb0/block3a_bn/beta:0,block3b_bn/moving_mean:0,efficientnetb0/block3a_bn/beta,block3b_bn/moving_mean,False
88,efficientnetb0/block3a_bn/moving_mean:0,block3b_bn/moving_variance:0,efficientnetb0/block3a_bn/moving_mean,block3b_bn/moving_variance,False
89,efficientnetb0/block3a_bn/moving_variance:0,block3b_se_reduce/kernel:0,efficientnetb0/block3a_bn/moving_variance,block3b_se_reduce/kernel,False
90,efficientnetb0/block3a_se_reduce/kernel:0,block3b_se_reduce/bias:0,efficientnetb0/block3a_se_reduce/kernel,block3b_se_reduce/bias,False
91,efficientnetb0/block3a_se_reduce/bias:0,block3b_se_expand/kernel:0,efficientnetb0/block3a_se_reduce/bias,block3b_se_expand/kernel,False
92,efficientnetb0/block3a_se_expand/kernel:0,block3b_se_expand/bias:0,efficientnetb0/block3a_se_expand/kernel,block3b_se_expand/bias,False
93,efficientnetb0/block3a_se_expand/bias:0,block3b_project_conv/kernel:0,efficientnetb0/block3a_se_expand/bias,block3b_project_conv/kernel,False
94,efficientnetb0/block3a_project_conv/kernel:0,block3b_project_bn/gamma:0,efficientnetb0/block3a_project_conv/kernel,block3b_project_bn/gamma,False
95,efficientnetb0/block3a_project_bn/gamma:0,block3b_project_bn/beta:0,efficientnetb0/block3a_project_bn/gamma,block3b_project_bn/beta,False
96,efficientnetb0/block3a_project_bn/beta:0,block3b_project_bn/moving_mean:0,efficientnetb0/block3a_project_bn/beta,block3b_project_bn/moving_mean,False
97,efficientnetb0/block3a_project_bn/moving_mean:0,block3b_project_bn/moving_variance:0,efficientnetb0/block3a_project_bn/moving_mean,block3b_project_bn/moving_variance,False
98,efficientnetb0/block3a_project_bn/moving_variance:0,block4a_expand_conv/kernel:0,efficientnetb0/block3a_project_bn/moving_variance,block4a_expand_conv/kernel,False
99,efficientnetb0/block3b_expand_conv/kernel:0,block4a_expand_bn/gamma:0,efficientnetb0/block3b_expand_conv/kernel,block4a_expand_bn/gamma,False
100,efficientnetb0/block3b_expand_bn/gamma:0,block4a_expand_bn/beta:0,efficientnetb0/block3b_expand_bn/gamma,block4a_expand_bn/beta,False
101,efficientnetb0/block3b_expand_bn/beta:0,block4a_expand_bn/moving_mean:0,efficientnetb0/block3b_expand_bn/beta,block4a_expand_bn/moving_mean,False
102,efficientnetb0/block3b_expand_bn/moving_mean:0,block4a_expand_bn/moving_variance:0,efficientnetb0/block3b_expand_bn/moving_mean,block4a_expand_bn/moving_variance,False
103,efficientnetb0/block3b_expand_bn/moving_variance:0,block4a_dwconv/depthwise_kernel:0,efficientnetb0/block3b_expand_bn/moving_variance,block4a_dwconv/depthwise_kernel,False
104,efficientnetb0/block3b_dwconv/depthwise_kernel:0,block4a_bn/gamma:0,efficientnetb0/block3b_dwconv/depthwise_kernel,block4a_bn/gamma,False
105,efficientnetb0/block3b_bn/gamma:0,block4a_bn/beta:0,efficientnetb0/block3b_bn/gamma,block4a_bn/beta,False
106,efficientnetb0/block3b_bn/beta:0,block4a_bn/moving_mean:0,efficientnetb0/block3b_bn/beta,block4a_bn/moving_mean,False
107,efficientnetb0/block3b_bn/moving_mean:0,block4a_bn/moving_variance:0,efficientnetb0/block3b_bn/moving_mean,block4a_bn/moving_variance,False
108,efficientnetb0/block3b_bn/moving_variance:0,block4a_se_reduce/kernel:0,efficientnetb0/block3b_bn/moving_variance,block4a_se_reduce/kernel,False
109,efficientnetb0/block3b_se_reduce/kernel:0,block4a_se_reduce/bias:0,efficientnetb0/block3b_se_reduce/kernel,block4a_se_reduce/bias,False
110,efficientnetb0/block3b_se_reduce/bias:0,block4a_se_expand/kernel:0,efficientnetb0/block3b_se_reduce/bias,block4a_se_expand/kernel,False
111,efficientnetb0/block3b_se_expand/kernel:0,block4a_se_expand/bias:0,efficientnetb0/block3b_se_expand/kernel,block4a_se_expand/bias,False
112,efficientnetb0/block3b_se_expand/bias:0,block4a_project_conv/kernel:0,efficientnetb0/block3b_se_expand/bias,block4a_project_conv/kernel,False
113,efficientnetb0/block3b_project_conv/kernel:0,block4a_project_bn/gamma:0,efficientnetb0/block3b_project_conv/kernel,block4a_project_bn/gamma,False
114,efficientnetb0/block3b_project_bn/gamma:0,block4a_project_bn/beta:0,efficientnetb0/block3b_project_bn/gamma,block4a_project_bn/beta,False
115,efficientnetb0/block3b_project_bn/beta:0,block4a_project_bn/moving_mean:0,efficientnetb0/block3b_project_bn/beta,block4a_project_bn/moving_mean,False
116,efficientnetb0/block3b_project_bn/moving_mean:0,block4a_project_bn/moving_variance:0,efficientnetb0/block3b_project_bn/moving_mean,block4a_project_bn/moving_variance,False
117,efficientnetb0/block3b_project_bn/moving_variance:0,block4b_expand_conv/kernel:0,efficientnetb0/block3b_project_bn/moving_variance,block4b_expand_conv/kernel,False
118,efficientnetb0/block4a_expand_conv/kernel:0,block4b_expand_bn/gamma:0,efficientnetb0/block4a_expand_conv/kernel,block4b_expand_bn/gamma,False
119,efficientnetb0/block4a_expand_bn/gamma:0,block4b_expand_bn/beta:0,efficientnetb0/block4a_expand_bn/gamma,block4b_expand_bn/beta,False
120,efficientnetb0/block4a_expand_bn/beta:0,block4b_expand_bn/moving_mean:0,efficientnetb0/block4a_expand_bn/beta,block4b_expand_bn/moving_mean,False
121,efficientnetb0/block4a_expand_bn/moving_mean:0,block4b_expand_bn/moving_variance:0,efficientnetb0/block4a_expand_bn/moving_mean,block4b_expand_bn/moving_variance,False
122,efficientnetb0/block4a_expand_bn/moving_variance:0,block4b_dwconv/depthwise_kernel:0,efficientnetb0/block4a_expand_bn/moving_variance,block4b_dwconv/depthwise_kernel,False
123,efficientnetb0/block4a_dwconv/depthwise_kernel:0,block4b_bn/gamma:0,efficientnetb0/block4a_dwconv/depthwise_kernel,block4b_bn/gamma,False
124,efficientnetb0/block4a_bn/gamma:0,block4b_bn/beta:0,efficientnetb0/block4a_bn/gamma,block4b_bn/beta,False
125,efficientnetb0/block4a_bn/beta:0,block4b_bn/moving_mean:0,efficientnetb0/block4a_bn/beta,block4b_bn/moving_mean,False
126,efficientnetb0/block4a_bn/moving_mean:0,block4b_bn/moving_variance:0,efficientnetb0/block4a_bn/moving_mean,block4b_bn/moving_variance,False
127,efficientnetb0/block4a_bn/moving_variance:0,block4b_se_reduce/kernel:0,efficientnetb0/block4a_bn/moving_variance,block4b_se_reduce/kernel,False
128,efficientnetb0/block4a_se_reduce/kernel:0,block4b_se_reduce/bias:0,efficientnetb0/block4a_se_reduce/kernel,block4b_se_reduce/bias,False
129,efficientnetb0/block4a_se_reduce/bias:0,block4b_se_expand/kernel:0,efficientnetb0/block4a_se_reduce/bias,block4b_se_expand/kernel,False
130,efficientnetb0/block4a_se_expand/kernel:0,block4b_se_expand/bias:0,efficientnetb0/block4a_se_expand/kernel,block4b_se_expand/bias,False
131,efficientnetb0/block4a_se_expand/bias:0,block4b_project_conv/kernel:0,efficientnetb0/block4a_se_expand/bias,block4b_project_conv/kernel,False
132,efficientnetb0/block4a_project_conv/kernel:0,block4b_project_bn/gamma:0,efficientnetb0/block4a_project_conv/kernel,block4b_project_bn/gamma,False
133,efficientnetb0/block4a_project_bn/gamma:0,block4b_project_bn/beta:0,efficientnetb0/block4a_project_bn/gamma,block4b_project_bn/beta,False
134,efficientnetb0/block4a_project_bn/beta:0,block4b_project_bn/moving_mean:0,efficientnetb0/block4a_project_bn/beta,block4b_project_bn/moving_mean,False
135,efficientnetb0/block4a_project_bn/moving_mean:0,block4b_project_bn/moving_variance:0,efficientnetb0/block4a_project_bn/moving_mean,block4b_project_bn/moving_variance,False
136,efficientnetb0/block4a_project_bn/moving_variance:0,block4c_expand_conv/kernel:0,efficientnetb0/block4a_project_bn/moving_variance,block4c_expand_conv/kernel,False
137,efficientnetb0/block4b_expand_conv/kernel:0,block4c_expand_bn/gamma:0,efficientnetb0/block4b_expand_conv/kernel,block4c_expand_bn/gamma,False
138,efficientnetb0/block4b_expand_bn/gamma:0,block4c_expand_bn/beta:0,efficientnetb0/block4b_expand_bn/gamma,block4c_expand_bn/beta,False
139,efficientnetb0/block4b_expand_bn/beta:0,block4c_expand_bn/moving_mean:0,efficientnetb0/block4b_expand_bn/beta,block4c_expand_bn/moving_mean,False
140,efficientnetb0/block4b_expand_bn/moving_mean:0,block4c_expand_bn/moving_variance:0,efficientnetb0/block4b_expand_bn/moving_mean,block4c_expand_bn/moving_variance,False
141,efficientnetb0/block4b_expand_bn/moving_variance:0,block4c_dwconv/depthwise_kernel:0,efficientnetb0/block4b_expand_bn/moving_variance,block4c_dwconv/depthwise_kernel,False
142,efficientnetb0/block4b_dwconv/depthwise_kernel:0,block4c_bn/gamma:0,efficientnetb0/block4b_dwconv/depthwise_kernel,block4c_bn/gamma,False
143,efficientnetb0/block4b_bn/gamma:0,block4c_bn/beta:0,efficientnetb0/block4b_bn/gamma,block4c_bn/beta,False
144,efficientnetb0/block4b_bn/beta:0,block4c_bn/moving_mean:0,efficientnetb0/block4b_bn/beta,block4c_bn/moving_mean,False
145,efficientnetb0/block4b_bn/moving_mean:0,block4c_bn/moving_variance:0,efficientnetb0/block4b_bn/moving_mean,block4c_bn/moving_variance,False
146,efficientnetb0/block4b_bn/moving_variance:0,block4c_se_reduce/kernel:0,efficientnetb0/block4b_bn/moving_variance,block4c_se_reduce/kernel,False
147,efficientnetb0/block4b_se_reduce/kernel:0,block4c_se_reduce/bias:0,efficientnetb0/block4b_se_reduce/kernel,block4c_se_reduce/bias,False
148,efficientnetb0/block4b_se_reduce/bias:0,block4c_se_expand/kernel:0,efficientnetb0/block4b_se_reduce/bias,block4c_se_expand/kernel,False
149,efficientnetb0/block4b_se_expand/kernel:0,block4c_se_expand/bias:0,efficientnetb0/block4b_se_expand/kernel,block4c_se_expand/bias,False
150,efficientnetb0/block4b_se_expand/bias:0,block4c_project_conv/kernel:0,efficientnetb0/block4b_se_expand/bias,block4c_project_conv/kernel,False
151,efficientnetb0/block4b_project_conv/kernel:0,block4c_project_bn/gamma:0,efficientnetb0/block4b_project_conv/kernel,block4c_project_bn/gamma,False
152,efficientnetb0/block4b_project_bn/gamma:0,block4c_project_bn/beta:0,efficientnetb0/block4b_project_bn/gamma,block4c_project_bn/beta,False
153,efficientnetb0/block4b_project_bn/beta:0,block4c_project_bn/moving_mean:0,efficientnetb0/block4b_project_bn/beta,block4c_project_bn/moving_mean,False
154,efficientnetb0/block4b_project_bn/moving_mean:0,block4c_project_bn/moving_variance:0,efficientnetb0/block4b_project_bn/moving_mean,block4c_project_bn/moving_variance,False
155,efficientnetb0/block4b_project_bn/moving_variance:0,block5a_expand_conv/kernel:0,efficientnetb0/block4b_project_bn/moving_variance,block5a_expand_conv/kernel,False
156,efficientnetb0/block4c_expand_conv/kernel:0,block5a_expand_bn/gamma:0,efficientnetb0/block4c_expand_conv/kernel,block5a_expand_bn/gamma,False
157,efficientnetb0/block4c_expand_bn/gamma:0,block5a_expand_bn/beta:0,efficientnetb0/block4c_expand_bn/gamma,block5a_expand_bn/beta,False
158,efficientnetb0/block4c_expand_bn/beta:0,block5a_expand_bn/moving_mean:0,efficientnetb0/block4c_expand_bn/beta,block5a_expand_bn/moving_mean,False
159,efficientnetb0/block4c_expand_bn/moving_mean:0,block5a_expand_bn/moving_variance:0,efficientnetb0/block4c_expand_bn/moving_mean,block5a_expand_bn/moving_variance,False
160,efficientnetb0/block4c_expand_bn/moving_variance:0,block5a_dwconv/depthwise_kernel:0,efficientnetb0/block4c_expand_bn/moving_variance,block5a_dwconv/depthwise_kernel,False
161,efficientnetb0/block4c_dwconv/depthwise_kernel:0,block5a_bn/gamma:0,efficientnetb0/block4c_dwconv/depthwise_kernel,block5a_bn/gamma,False
162,efficientnetb0/block4c_bn/gamma:0,block5a_bn/beta:0,efficientnetb0/block4c_bn/gamma,block5a_bn/beta,False
163,efficientnetb0/block4c_bn/beta:0,block5a_bn/moving_mean:0,efficientnetb0/block4c_bn/beta,block5a_bn/moving_mean,False
164,efficientnetb0/block4c_bn/moving_mean:0,block5a_bn/moving_variance:0,efficientnetb0/block4c_bn/moving_mean,block5a_bn/moving_variance,False
165,efficientnetb0/block4c_bn/moving_variance:0,block5a_se_reduce/kernel:0,efficientnetb0/block4c_bn/moving_variance,block5a_se_reduce/kernel,False
166,efficientnetb0/block4c_se_reduce/kernel:0,block5a_se_reduce/bias:0,efficientnetb0/block4c_se_reduce/kernel,block5a_se_reduce/bias,False
167,efficientnetb0/block4c_se_reduce/bias:0,block5a_se_expand/kernel:0,efficientnetb0/block4c_se_reduce/bias,block5a_se_expand/kernel,False
168,efficientnetb0/block4c_se_expand/kernel:0,block5a_se_expand/bias:0,efficientnetb0/block4c_se_expand/kernel,block5a_se_expand/bias,False
169,efficientnetb0/block4c_se_expand/bias:0,block5a_project_conv/kernel:0,efficientnetb0/block4c_se_expand/bias,block5a_project_conv/kernel,False
170,efficientnetb0/block4c_project_conv/kernel:0,block5a_project_bn/gamma:0,efficientnetb0/block4c_project_conv/kernel,block5a_project_bn/gamma,False
171,efficientnetb0/block4c_project_bn/gamma:0,block5a_project_bn/beta:0,efficientnetb0/block4c_project_bn/gamma,block5a_project_bn/beta,False
172,efficientnetb0/block4c_project_bn/beta:0,block5a_project_bn/moving_mean:0,efficientnetb0/block4c_project_bn/beta,block5a_project_bn/moving_mean,False
173,efficientnetb0/block4c_project_bn/moving_mean:0,block5a_project_bn/moving_variance:0,efficientnetb0/block4c_project_bn/moving_mean,block5a_project_bn/moving_variance,False
174,efficientnetb0/block4c_project_bn/moving_variance:0,block5b_expand_conv/kernel:0,efficientnetb0/block4c_project_bn/moving_variance,block5b_expand_conv/kernel,False
175,efficientnetb0/block5a_expand_conv/kernel:0,block5b_expand_bn/gamma:0,efficientnetb0/block5a_expand_conv/kernel,block5b_expand_bn/gamma,False
176,efficientnetb0/block5a_expand_bn/gamma:0,block5b_expand_bn/beta:0,efficientnetb0/block5a_expand_bn/gamma,block5b_expand_bn/beta,False
177,efficientnetb0/block5a_expand_bn/beta:0,block5b_expand_bn/moving_mean:0,efficientnetb0/block5a_expand_bn/beta,block5b_expand_bn/moving_mean,False
178,efficientnetb0/block5a_expand_bn/moving_mean:0,block5b_expand_bn/moving_variance:0,efficientnetb0/block5a_expand_bn/moving_mean,block5b_expand_bn/moving_variance,False
179,efficientnetb0/block5a_expand_bn/moving_variance:0,block5b_dwconv/depthwise_kernel:0,efficientnetb0/block5a_expand_bn/moving_variance,block5b_dwconv/depthwise_kernel,False
180,efficientnetb0/block5a_dwconv/depthwise_kernel:0,block5b_bn/gamma:0,efficientnetb0/block5a_dwconv/depthwise_kernel,block5b_bn/gamma,False
181,efficientnetb0/block5a_bn/gamma:0,block5b_bn/beta:0,efficientnetb0/block5a_bn/gamma,block5b_bn/beta,False
182,efficientnetb0/block5a_bn/beta:0,block5b_bn/moving_mean:0,efficientnetb0/block5a_bn/beta,block5b_bn/moving_mean,False
183,efficientnetb0/block5a_bn/moving_mean:0,block5b_bn/moving_variance:0,efficientnetb0/block5a_bn/moving_mean,block5b_bn/moving_variance,False
184,efficientnetb0/block5a_bn/moving_variance:0,block5b_se_reduce/kernel:0,efficientnetb0/block5a_bn/moving_variance,block5b_se_reduce/kernel,False
185,efficientnetb0/block5a_se_reduce/kernel:0,block5b_se_reduce/bias:0,efficientnetb0/block5a_se_reduce/kernel,block5b_se_reduce/bias,False
186,efficientnetb0/block5a_se_reduce/bias:0,block5b_se_expand/kernel:0,efficientnetb0/block5a_se_reduce/bias,block5b_se_expand/kernel,False
187,efficientnetb0/block5a_se_expand/kernel:0,block5b_se_expand/bias:0,efficientnetb0/block5a_se_expand/kernel,block5b_se_expand/bias,False
188,efficientnetb0/block5a_se_expand/bias:0,block5b_project_conv/kernel:0,efficientnetb0/block5a_se_expand/bias,block5b_project_conv/kernel,False
189,efficientnetb0/block5a_project_conv/kernel:0,block5b_project_bn/gamma:0,efficientnetb0/block5a_project_conv/kernel,block5b_project_bn/gamma,False
190,efficientnetb0/block5a_project_bn/gamma:0,block5b_project_bn/beta:0,efficientnetb0/block5a_project_bn/gamma,block5b_project_bn/beta,False
191,efficientnetb0/block5a_project_bn/beta:0,block5b_project_bn/moving_mean:0,efficientnetb0/block5a_project_bn/beta,block5b_project_bn/moving_mean,False
192,efficientnetb0/block5a_project_bn/moving_mean:0,block5b_project_bn/moving_variance:0,efficientnetb0/block5a_project_bn/moving_mean,block5b_project_bn/moving_variance,False
193,efficientnetb0/block5a_project_bn/moving_variance:0,block5c_expand_conv/kernel:0,efficientnetb0/block5a_project_bn/moving_variance,block5c_expand_conv/kernel,False
194,efficientnetb0/block5b_expand_conv/kernel:0,block5c_expand_bn/gamma:0,efficientnetb0/block5b_expand_conv/kernel,block5c_expand_bn/gamma,False
195,efficientnetb0/block5b_expand_bn/gamma:0,block5c_expand_bn/beta:0,efficientnetb0/block5b_expand_bn/gamma,block5c_expand_bn/beta,False
196,efficientnetb0/block5b_expand_bn/beta:0,block5c_expand_bn/moving_mean:0,efficientnetb0/block5b_expand_bn/beta,block5c_expand_bn/moving_mean,False
197,efficientnetb0/block5b_expand_bn/moving_mean:0,block5c_expand_bn/moving_variance:0,efficientnetb0/block5b_expand_bn/moving_mean,block5c_expand_bn/moving_variance,False
198,efficientnetb0/block5b_expand_bn/moving_variance:0,block5c_dwconv/depthwise_kernel:0,efficientnetb0/block5b_expand_bn/moving_variance,block5c_dwconv/depthwise_kernel,False
199,efficientnetb0/block5b_dwconv/depthwise_kernel:0,block5c_bn/gamma:0,efficientnetb0/block5b_dwconv/depthwise_kernel,block5c_bn/gamma,False
200,efficientnetb0/block5b_bn/gamma:0,block5c_bn/beta:0,efficientnetb0/block5b_bn/gamma,block5c_bn/beta,False
201,efficientnetb0/block5b_bn/beta:0,block5c_bn/moving_mean:0,efficientnetb0/block5b_bn/beta,block5c_bn/moving_mean,False
202,efficientnetb0/block5b_bn/moving_mean:0,block5c_bn/moving_variance:0,efficientnetb0/block5b_bn/moving_mean,block5c_bn/moving_variance,False
203,efficientnetb0/block5b_bn/moving_variance:0,block5c_se_reduce/kernel:0,efficientnetb0/block5b_bn/moving_variance,block5c_se_reduce/kernel,False
204,efficientnetb0/block5b_se_reduce/kernel:0,block5c_se_reduce/bias:0,efficientnetb0/block5b_se_reduce/kernel,block5c_se_reduce/bias,False
205,efficientnetb0/block5b_se_reduce/bias:0,block5c_se_expand/kernel:0,efficientnetb0/block5b_se_reduce/bias,block5c_se_expand/kernel,False
206,efficientnetb0/block5b_se_expand/kernel:0,block5c_se_expand/bias:0,efficientnetb0/block5b_se_expand/kernel,block5c_se_expand/bias,False
207,efficientnetb0/block5b_se_expand/bias:0,block5c_project_conv/kernel:0,efficientnetb0/block5b_se_expand/bias,block5c_project_conv/kernel,False
208,efficientnetb0/block5b_project_conv/kernel:0,block5c_project_bn/gamma:0,efficientnetb0/block5b_project_conv/kernel,block5c_project_bn/gamma,False
209,efficientnetb0/block5b_project_bn/gamma:0,block5c_project_bn/beta:0,efficientnetb0/block5b_project_bn/gamma,block5c_project_bn/beta,False
210,efficientnetb0/block5b_project_bn/beta:0,block5c_project_bn/moving_mean:0,efficientnetb0/block5b_project_bn/beta,block5c_project_bn/moving_mean,False
211,efficientnetb0/block5b_project_bn/moving_mean:0,block5c_project_bn/moving_variance:0,efficientnetb0/block5b_project_bn/moving_mean,block5c_project_bn/moving_variance,False
212,efficientnetb0/block5b_project_bn/moving_variance:0,block6a_expand_conv/kernel:0,efficientnetb0/block5b_project_bn/moving_variance,block6a_expand_conv/kernel,False
213,efficientnetb0/block5c_expand_conv/kernel:0,block6a_expand_bn/gamma:0,efficientnetb0/block5c_expand_conv/kernel,block6a_expand_bn/gamma,False
214,efficientnetb0/block5c_expand_bn/gamma:0,block6a_expand_bn/beta:0,efficientnetb0/block5c_expand_bn/gamma,block6a_expand_bn/beta,False
215,efficientnetb0/block5c_expand_bn/beta:0,block6a_expand_bn/moving_mean:0,efficientnetb0/block5c_expand_bn/beta,block6a_expand_bn/moving_mean,False
216,efficientnetb0/block5c_expand_bn/moving_mean:0,block6a_expand_bn/moving_variance:0,efficientnetb0/block5c_expand_bn/moving_mean,block6a_expand_bn/moving_variance,False
217,efficientnetb0/block5c_expand_bn/moving_variance:0,block6a_dwconv/depthwise_kernel:0,efficientnetb0/block5c_expand_bn/moving_variance,block6a_dwconv/depthwise_kernel,False
218,efficientnetb0/block5c_dwconv/depthwise_kernel:0,block6a_bn/gamma:0,efficientnetb0/block5c_dwconv/depthwise_kernel,block6a_bn/gamma,False
219,efficientnetb0/block5c_bn/gamma:0,block6a_bn/beta:0,efficientnetb0/block5c_bn/gamma,block6a_bn/beta,False
220,efficientnetb0/block5c_bn/beta:0,block6a_bn/moving_mean:0,efficientnetb0/block5c_bn/beta,block6a_bn/moving_mean,False
221,efficientnetb0/block5c_bn/moving_mean:0,block6a_bn/moving_variance:0,efficientnetb0/block5c_bn/moving_mean,block6a_bn/moving_variance,False
222,efficientnetb0/block5c_bn/moving_variance:0,block6a_se_reduce/kernel:0,efficientnetb0/block5c_bn/moving_variance,block6a_se_reduce/kernel,False
223,efficientnetb0/block5c_se_reduce/kernel:0,block6a_se_reduce/bias:0,efficientnetb0/block5c_se_reduce/kernel,block6a_se_reduce/bias,False
224,efficientnetb0/block5c_se_reduce/bias:0,block6a_se_expand/kernel:0,efficientnetb0/block5c_se_reduce/bias,block6a_se_expand/kernel,False
225,efficientnetb0/block5c_se_expand/kernel:0,block6a_se_expand/bias:0,efficientnetb0/block5c_se_expand/kernel,block6a_se_expand/bias,False
226,efficientnetb0/block5c_se_expand/bias:0,block6a_project_conv/kernel:0,efficientnetb0/block5c_se_expand/bias,block6a_project_conv/kernel,False
227,efficientnetb0/block5c_project_conv/kernel:0,block6a_project_bn/gamma:0,efficientnetb0/block5c_project_conv/kernel,block6a_project_bn/gamma,False
228,efficientnetb0/block5c_project_bn/gamma:0,block6a_project_bn/beta:0,efficientnetb0/block5c_project_bn/gamma,block6a_project_bn/beta,False
229,efficientnetb0/block5c_project_bn/beta:0,block6a_project_bn/moving_mean:0,efficientnetb0/block5c_project_bn/beta,block6a_project_bn/moving_mean,False
230,efficientnetb0/block5c_project_bn/moving_mean:0,block6a_project_bn/moving_variance:0,efficientnetb0/block5c_project_bn/moving_mean,block6a_project_bn/moving_variance,False
231,efficientnetb0/block5c_project_bn/moving_variance:0,block6b_expand_conv/kernel:0,efficientnetb0/block5c_project_bn/moving_variance,block6b_expand_conv/kernel,False
232,efficientnetb0/block6a_expand_conv/kernel:0,block6b_expand_bn/gamma:0,efficientnetb0/block6a_expand_conv/kernel,block6b_expand_bn/gamma,False
233,efficientnetb0/block6a_expand_bn/gamma:0,block6b_expand_bn/beta:0,efficientnetb0/block6a_expand_bn/gamma,block6b_expand_bn/beta,False
234,efficientnetb0/block6a_expand_bn/beta:0,block6b_expand_bn/moving_mean:0,efficientnetb0/block6a_expand_bn/beta,block6b_expand_bn/moving_mean,False
235,efficientnetb0/block6a_expand_bn/moving_mean:0,block6b_expand_bn/moving_variance:0,efficientnetb0/block6a_expand_bn/moving_mean,block6b_expand_bn/moving_variance,False
236,efficientnetb0/block6a_expand_bn/moving_variance:0,block6b_dwconv/depthwise_kernel:0,efficientnetb0/block6a_expand_bn/moving_variance,block6b_dwconv/depthwise_kernel,False
237,efficientnetb0/block6a_dwconv/depthwise_kernel:0,block6b_bn/gamma:0,efficientnetb0/block6a_dwconv/depthwise_kernel,block6b_bn/gamma,False
238,efficientnetb0/block6a_bn/gamma:0,block6b_bn/beta:0,efficientnetb0/block6a_bn/gamma,block6b_bn/beta,False
239,efficientnetb0/block6a_bn/beta:0,block6b_bn/moving_mean:0,efficientnetb0/block6a_bn/beta,block6b_bn/moving_mean,False
240,efficientnetb0/block6a_bn/moving_mean:0,block6b_bn/moving_variance:0,efficientnetb0/block6a_bn/moving_mean,block6b_bn/moving_variance,False
241,efficientnetb0/block6a_bn/moving_variance:0,block6b_se_reduce/kernel:0,efficientnetb0/block6a_bn/moving_variance,block6b_se_reduce/kernel,False
242,efficientnetb0/block6a_se_reduce/kernel:0,block6b_se_reduce/bias:0,efficientnetb0/block6a_se_reduce/kernel,block6b_se_reduce/bias,False
243,efficientnetb0/block6a_se_reduce/bias:0,block6b_se_expand/kernel:0,efficientnetb0/block6a_se_reduce/bias,block6b_se_expand/kernel,False
244,efficientnetb0/block6a_se_expand/kernel:0,block6b_se_expand/bias:0,efficientnetb0/block6a_se_expand/kernel,block6b_se_expand/bias,False
245,efficientnetb0/block6a_se_expand/bias:0,block6b_project_conv/kernel:0,efficientnetb0/block6a_se_expand/bias,block6b_project_conv/kernel,False
246,efficientnetb0/block6a_project_conv/kernel:0,block6b_project_bn/gamma:0,efficientnetb0/block6a_project_conv/kernel,block6b_project_bn/gamma,False
247,efficientnetb0/block6a_project_bn/gamma:0,block6b_project_bn/beta:0,efficientnetb0/block6a_project_bn/gamma,block6b_project_bn/beta,False
248,efficientnetb0/block6a_project_bn/beta:0,block6b_project_bn/moving_mean:0,efficientnetb0/block6a_project_bn/beta,block6b_project_bn/moving_mean,False
249,efficientnetb0/block6a_project_bn/moving_mean:0,block6b_project_bn/moving_variance:0,efficientnetb0/block6a_project_bn/moving_mean,block6b_project_bn/moving_variance,False
250,efficientnetb0/block6a_project_bn/moving_variance:0,block6c_expand_conv/kernel:0,efficientnetb0/block6a_project_bn/moving_variance,block6c_expand_conv/kernel,False
251,efficientnetb0/block6b_expand_conv/kernel:0,block6c_expand_bn/gamma:0,efficientnetb0/block6b_expand_conv/kernel,block6c_expand_bn/gamma,False
252,efficientnetb0/block6b_expand_bn/gamma:0,block6c_expand_bn/beta:0,efficientnetb0/block6b_expand_bn/gamma,block6c_expand_bn/beta,False
253,efficientnetb0/block6b_expand_bn/beta:0,block6c_expand_bn/moving_mean:0,efficientnetb0/block6b_expand_bn/beta,block6c_expand_bn/moving_mean,False
254,efficientnetb0/block6b_expand_bn/moving_mean:0,block6c_expand_bn/moving_variance:0,efficientnetb0/block6b_expand_bn/moving_mean,block6c_expand_bn/moving_variance,False
255,efficientnetb0/block6b_expand_bn/moving_variance:0,block6c_dwconv/depthwise_kernel:0,efficientnetb0/block6b_expand_bn/moving_variance,block6c_dwconv/depthwise_kernel,False
256,efficientnetb0/block6b_dwconv/depthwise_kernel:0,block6c_bn/gamma:0,efficientnetb0/block6b_dwconv/depthwise_kernel,block6c_bn/gamma,False
257,efficientnetb0/block6b_bn/gamma:0,block6c_bn/beta:0,efficientnetb0/block6b_bn/gamma,block6c_bn/beta,False
258,efficientnetb0/block6b_bn/beta:0,block6c_bn/moving_mean:0,efficientnetb0/block6b_bn/beta,block6c_bn/moving_mean,False
259,efficientnetb0/block6b_bn/moving_mean:0,block6c_bn/moving_variance:0,efficientnetb0/block6b_bn/moving_mean,block6c_bn/moving_variance,False
260,efficientnetb0/block6b_bn/moving_variance:0,block6c_se_reduce/kernel:0,efficientnetb0/block6b_bn/moving_variance,block6c_se_reduce/kernel,False
261,efficientnetb0/block6b_se_reduce/kernel:0,block6c_se_reduce/bias:0,efficientnetb0/block6b_se_reduce/kernel,block6c_se_reduce/bias,False
262,efficientnetb0/block6b_se_reduce/bias:0,block6c_se_expand/kernel:0,efficientnetb0/block6b_se_reduce/bias,block6c_se_expand/kernel,False
263,efficientnetb0/block6b_se_expand/kernel:0,block6c_se_expand/bias:0,efficientnetb0/block6b_se_expand/kernel,block6c_se_expand/bias,False
264,efficientnetb0/block6b_se_expand/bias:0,block6c_project_conv/kernel:0,efficientnetb0/block6b_se_expand/bias,block6c_project_conv/kernel,False
265,efficientnetb0/block6b_project_conv/kernel:0,block6c_project_bn/gamma:0,efficientnetb0/block6b_project_conv/kernel,block6c_project_bn/gamma,False
266,efficientnetb0/block6b_project_bn/gamma:0,block6c_project_bn/beta:0,efficientnetb0/block6b_project_bn/gamma,block6c_project_bn/beta,False
267,efficientnetb0/block6b_project_bn/beta:0,block6c_project_bn/moving_mean:0,efficientnetb0/block6b_project_bn/beta,block6c_project_bn/moving_mean,False
268,efficientnetb0/block6b_project_bn/moving_mean:0,block6c_project_bn/moving_variance:0,efficientnetb0/block6b_project_bn/moving_mean,block6c_project_bn/moving_variance,False
269,efficientnetb0/block6b_project_bn/moving_variance:0,block6d_expand_conv/kernel:0,efficientnetb0/block6b_project_bn/moving_variance,block6d_expand_conv/kernel,False
270,efficientnetb0/block6c_expand_conv/kernel:0,block6d_expand_bn/gamma:0,efficientnetb0/block6c_expand_conv/kernel,block6d_expand_bn/gamma,False
271,efficientnetb0/block6c_expand_bn/gamma:0,block6d_expand_bn/beta:0,efficientnetb0/block6c_expand_bn/gamma,block6d_expand_bn/beta,False
272,efficientnetb0/block6c_expand_bn/beta:0,block6d_expand_bn/moving_mean:0,efficientnetb0/block6c_expand_bn/beta,block6d_expand_bn/moving_mean,False
273,efficientnetb0/block6c_expand_bn/moving_mean:0,block6d_expand_bn/moving_variance:0,efficientnetb0/block6c_expand_bn/moving_mean,block6d_expand_bn/moving_variance,False
274,efficientnetb0/block6c_expand_bn/moving_variance:0,block6d_dwconv/depthwise_kernel:0,efficientnetb0/block6c_expand_bn/moving_variance,block6d_dwconv/depthwise_kernel,False
275,efficientnetb0/block6c_dwconv/depthwise_kernel:0,block6d_bn/gamma:0,efficientnetb0/block6c_dwconv/depthwise_kernel,block6d_bn/gamma,False
276,efficientnetb0/block6c_bn/gamma:0,block6d_bn/beta:0,efficientnetb0/block6c_bn/gamma,block6d_bn/beta,False
277,efficientnetb0/block6c_bn/beta:0,block6d_bn/moving_mean:0,efficientnetb0/block6c_bn/beta,block6d_bn/moving_mean,False
278,efficientnetb0/block6c_bn/moving_mean:0,block6d_bn/moving_variance:0,efficientnetb0/block6c_bn/moving_mean,block6d_bn/moving_variance,False
279,efficientnetb0/block6c_bn/moving_variance:0,block6d_se_reduce/kernel:0,efficientnetb0/block6c_bn/moving_variance,block6d_se_reduce/kernel,False
280,efficientnetb0/block6c_project_bn/gamma:0,block6d_se_reduce/bias:0,efficientnetb0/block6c_project_bn/gamma,block6d_se_reduce/bias,False
281,efficientnetb0/block6c_project_bn/beta:0,block6d_se_expand/kernel:0,efficientnetb0/block6c_project_bn/beta,block6d_se_expand/kernel,False
282,efficientnetb0/block6c_project_bn/moving_mean:0,block6d_se_expand/bias:0,efficientnetb0/block6c_project_bn/moving_mean,block6d_se_expand/bias,False
283,efficientnetb0/block6c_project_bn/moving_variance:0,block6d_project_conv/kernel:0,efficientnetb0/block6c_project_bn/moving_variance,block6d_project_conv/kernel,False
284,efficientnetb0/block6d_expand_bn/gamma:0,block6d_project_bn/gamma:0,efficientnetb0/block6d_expand_bn/gamma,block6d_project_bn/gamma,False
285,efficientnetb0/block6d_expand_bn/beta:0,block6d_project_bn/beta:0,efficientnetb0/block6d_expand_bn/beta,block6d_project_bn/beta,False
286,efficientnetb0/block6d_expand_bn/moving_mean:0,block6d_project_bn/moving_mean:0,efficientnetb0/block6d_expand_bn/moving_mean,block6d_project_bn/moving_mean,False
287,efficientnetb0/block6d_expand_bn/moving_variance:0,block6d_project_bn/moving_variance:0,efficientnetb0/block6d_expand_bn/moving_variance,block6d_project_bn/moving_variance,False
288,efficientnetb0/block6d_bn/gamma:0,block7a_expand_conv/kernel:0,efficientnetb0/block6d_bn/gamma,block7a_expand_conv/kernel,False
289,efficientnetb0/block6d_bn/beta:0,block7a_expand_bn/gamma:0,efficientnetb0/block6d_bn/beta,block7a_expand_bn/gamma,False
290,efficientnetb0/block6d_bn/moving_mean:0,block7a_expand_bn/beta:0,efficientnetb0/block6d_bn/moving_mean,block7a_expand_bn/beta,False
291,efficientnetb0/block6d_bn/moving_variance:0,block7a_expand_bn/moving_mean:0,efficientnetb0/block6d_bn/moving_variance,block7a_expand_bn/moving_mean,False
292,efficientnetb0/block6d_project_bn/gamma:0,block7a_expand_bn/moving_variance:0,efficientnetb0/block6d_project_bn/gamma,block7a_expand_bn/moving_variance,False
293,efficientnetb0/block6d_project_bn/beta:0,block7a_dwconv/depthwise_kernel:0,efficientnetb0/block6d_project_bn/beta,block7a_dwconv/depthwise_kernel,False
294,efficientnetb0/block6d_project_bn/moving_mean:0,block7a_bn/gamma:0,efficientnetb0/block6d_project_bn/moving_mean,block7a_bn/gamma,False
295,efficientnetb0/block6d_project_bn/moving_variance:0,block7a_bn/beta:0,efficientnetb0/block6d_project_bn/moving_variance,block7a_bn/beta,False
296,efficientnetb0/block7a_expand_bn/gamma:0,block7a_bn/moving_mean:0,efficientnetb0/block7a_expand_bn/gamma,block7a_bn/moving_mean,False
297,efficientnetb0/block7a_expand_bn/beta:0,block7a_bn/moving_variance:0,efficientnetb0/block7a_expand_bn/beta,block7a_bn/moving_variance,False
298,efficientnetb0/block7a_expand_bn/moving_mean:0,block7a_se_reduce/kernel:0,efficientnetb0/block7a_expand_bn/moving_mean,block7a_se_reduce/kernel,False
299,efficientnetb0/block7a_expand_bn/moving_variance:0,block7a_se_reduce/bias:0,efficientnetb0/block7a_expand_bn/moving_variance,block7a_se_reduce/bias,False
300,efficientnetb0/block7a_bn/gamma:0,block7a_se_expand/kernel:0,efficientnetb0/block7a_bn/gamma,block7a_se_expand/kernel,False
301,efficientnetb0/block7a_bn/beta:0,block7a_se_expand/bias:0,efficientnetb0/block7a_bn/beta,block7a_se_expand/bias,False
302,efficientnetb0/block7a_bn/moving_mean:0,block7a_project_conv/kernel:0,efficientnetb0/block7a_bn/moving_mean,block7a_project_conv/kernel,False
303,efficientnetb0/block7a_bn/moving_variance:0,block7a_project_bn/gamma:0,efficientnetb0/block7a_bn/moving_variance,block7a_project_bn/gamma,False
304,efficientnetb0/block7a_project_bn/gamma:0,block7a_project_bn/beta:0,efficientnetb0/block7a_project_bn/gamma,block7a_project_bn/beta,False
305,efficientnetb0/block7a_project_bn/beta:0,block7a_project_bn/moving_mean:0,efficientnetb0/block7a_project_bn/beta,block7a_project_bn/moving_mean,False
306,efficientnetb0/block7a_project_bn/moving_mean:0,block7a_project_bn/moving_variance:0,efficientnetb0/block7a_project_bn/moving_mean,block7a_project_bn/moving_variance,False
307,efficientnetb0/block7a_project_bn/moving_variance:0,top_conv/kernel:0,efficientnetb0/block7a_project_bn/moving_variance,top_conv/kernel,False
308,efficientnetb0/top_bn/gamma:0,top_bn/gamma:0,efficientnetb0/top_bn/gamma,top_bn/gamma,False
309,efficientnetb0/top_bn/beta:0,top_bn/beta:0,efficientnetb0/top_bn/beta,top_bn/beta,False
310,efficientnetb0/top_bn/moving_mean:0,top_bn/moving_mean:0,efficientnetb0/top_bn/moving_mean,top_bn/moving_mean,False
311,efficientnetb0/top_bn/moving_variance:0,top_bn/moving_variance:0,efficientnetb0/top_bn/moving_variance,top_bn/moving_variance,False
312,classifier_batchnorm/classifier_batchnorm/gamma:0,classifier_batchnorm/gamma:0,classifier_batchnorm/classifier_batchnorm/gamma,classifier_batchnorm/gamma,False
313,classifier_batchnorm/classifier_batchnorm/beta:0,classifier_batchnorm/beta:0,classifier_batchnorm/classifier_batchnorm/beta,classifier_batchnorm/beta,False
314,classifier_batchnorm/classifier_batchnorm/moving_mean:0,classifier_batchnorm/moving_mean:0,classifier_batchnorm/classifier_batchnorm/moving_mean,classifier_batchnorm/moving_mean,False
315,classifier_batchnorm/classifier_batchnorm/moving_variance:0,classifier_batchnorm/moving_variance:0,classifier_batchnorm/classifier_batchnorm/moving_variance,classifier_batchnorm/moving_variance,False
316,classifier_dense/classifier_dense/kernel:0,classifier_dense/kernel:0,classifier_dense/classifier_dense/kernel,classifier_dense/kernel,False
317,classifier_dense/classifier_dense/bias:0,classifier_dense/bias:0,classifier_dense/classifier_dense/bias,classifier_dense/bias,False
318,predictions/predictions/kernel:0,predictions/kernel:0,predictions/predictions/kernel,predictions/kernel,False
319,predictions/predictions/bias:0,predictions/bias:0,predictions/predictions/bias,predictions/bias,False
