class,filename,mean_intensity,std_intensity,min_intensity,max_intensity,median_intensity,percent_nonzero
glioma,brisc2025_train_00839_gl_sa_t1.jpg,28.895664,37.58987,0.0,255.0,4.0,94.95964050292969
glioma,brisc2025_train_00695_gl_co_t1.jpg,36.179832,43.019455,0.0,255.0,11.0,74.97673034667969
glioma,brisc2025_test_00050_gl_ax_t1.jpg,32.56707,40.92183,0.0,255.0,4.0,71.1212158203125
glioma,brisc2025_train_01004_gl_sa_t1.jpg,47.0286,44.778027,0.0,255.0,44.0,96.70791625976562
glioma,brisc2025_train_00453_gl_co_t1.jpg,38.695133,42.402195,0.0,255.0,25.0,77.01072692871094
glioma,brisc2025_train_00089_gl_ax_t1.jpg,22.889118,31.953144,0.0,255.0,2.0,66.082763671875
glioma,brisc2025_train_00570_gl_co_t1.jpg,30.651775,36.07272,0.0,251.0,11.0,76.73683166503906
glioma,brisc2025_train_00732_gl_co_t1.jpg,39.10537,43.036686,0.0,255.0,31.0,77.06336975097656
glioma,brisc2025_train_00091_gl_ax_t1.jpg,24.531952,36.057587,0.0,255.0,3.0,68.32962036132812
glioma,brisc2025_train_00053_gl_ax_t1.jpg,29.264557,35.54775,0.0,252.0,3.0,66.92237854003906
glioma,brisc2025_test_00030_gl_ax_t1.jpg,26.179428,46.437916,0.0,255.0,3.0,82.51380920410156
glioma,brisc2025_train_00447_gl_co_t1.jpg,29.666393,37.96751,0.0,255.0,4.0,76.92794799804688
glioma,brisc2025_train_00226_gl_ax_t1.jpg,25.109905,32.496994,0.0,253.0,2.0,65.46363830566406
glioma,brisc2025_train_00376_gl_ax_t1.jpg,31.75069,44.265247,0.0,254.0,3.0,69.53849792480469
glioma,brisc2025_test_00077_gl_ax_t1.jpg,30.35181,39.01087,0.0,255.0,4.0,68.3258056640625
glioma,brisc2025_test_00248_gl_sa_t1.jpg,47.41001,43.657665,0.0,255.0,41.0,98.13613891601562
glioma,brisc2025_train_00396_gl_co_t1.jpg,37.84491,43.527714,0.0,255.0,5.0,77.43415832519531
glioma,brisc2025_train_00560_gl_co_t1.jpg,31.640827,45.021137,0.0,255.0,3.0,76.93595886230469
glioma,brisc2025_train_00176_gl_ax_t1.jpg,29.389858,41.70352,0.0,255.0,3.0,70.70808410644531
glioma,brisc2025_train_01050_gl_sa_t1.jpg,41.592766,36.766453,0.0,255.0,47.0,97.08290100097656
glioma,brisc2025_train_00241_gl_ax_t1.jpg,26.224716,37.204697,0.0,255.0,2.0,65.68984985351562
glioma,brisc2025_test_00079_gl_ax_t1.jpg,27.77401,37.16781,0.0,255.0,3.0,67.71583557128906
glioma,brisc2025_train_00373_gl_ax_t1.jpg,29.273163,39.16791,0.0,255.0,3.0,67.88253784179688
glioma,brisc2025_train_00817_gl_co_t1.jpg,41.3211,43.888165,0.0,255.0,21.0,83.46405029296875
glioma,brisc2025_train_00820_gl_co_t1.jpg,37.22977,43.09842,0.0,255.0,7.0,82.58590698242188
glioma,brisc2025_test_00193_gl_sa_t1.jpg,37.012302,38.385216,0.0,255.0,27.0,95.65238952636719
glioma,brisc2025_train_00097_gl_ax_t1.jpg,33.616405,42.3728,0.0,255.0,6.0,67.56401062011719
glioma,brisc2025_train_00343_gl_ax_t1.jpg,30.317646,42.398067,0.0,255.0,4.0,72.14012145996094
glioma,brisc2025_train_00657_gl_co_t1.jpg,34.20927,43.018772,0.0,255.0,4.0,76.56059265136719
glioma,brisc2025_train_00726_gl_co_t1.jpg,23.197151,34.45644,0.0,255.0,2.0,76.45721435546875
glioma,brisc2025_train_00620_gl_co_t1.jpg,34.88404,44.523678,0.0,255.0,3.0,76.26571655273438
glioma,brisc2025_test_00102_gl_co_t1.jpg,33.92221,35.482105,0.0,255.0,22.0,77.78244018554688
glioma,brisc2025_train_00564_gl_co_t1.jpg,36.661102,45.350704,0.0,255.0,4.0,78.10287475585938
glioma,brisc2025_train_00777_gl_co_t1.jpg,39.7021,43.051857,0.0,255.0,29.0,76.95655822753906
glioma,brisc2025_train_00563_gl_co_t1.jpg,35.12381,44.547432,0.0,252.0,4.0,77.91023254394531
glioma,brisc2025_train_00987_gl_sa_t1.jpg,37.707897,43.803886,0.0,251.0,7.0,96.51412963867188
glioma,brisc2025_train_00861_gl_sa_t1.jpg,38.28676,34.769993,0.0,255.0,41.0,96.38595581054688
glioma,brisc2025_train_00157_gl_ax_t1.jpg,23.394176,33.370213,0.0,249.0,2.0,69.0948486328125
glioma,brisc2025_train_01143_gl_sa_t1.jpg,35.81702,38.3013,0.0,255.0,24.0,97.30148315429688
glioma,brisc2025_train_01138_gl_sa_t1.jpg,50.996117,55.349354,0.0,255.0,12.0,97.74246215820312
glioma,brisc2025_train_00586_gl_co_t1.jpg,32.386826,46.667248,0.0,249.0,2.0,76.77497863769531
glioma,brisc2025_train_00024_gl_ax_t1.jpg,21.743225,34.475204,0.0,255.0,2.0,67.12875366210938
glioma,brisc2025_train_00539_gl_co_t1.jpg,37.626976,38.39706,0.0,255.0,31.0,77.50167846679688
glioma,brisc2025_train_01123_gl_sa_t1.jpg,20.163746,20.827003,0.0,253.0,17.0,93.08853149414062
glioma,brisc2025_train_00827_gl_sa_t1.jpg,40.005104,38.44244,0.0,250.0,28.0,97.60704040527344
glioma,brisc2025_train_00696_gl_co_t1.jpg,34.181995,39.68718,0.0,255.0,18.0,75.35552978515625
glioma,brisc2025_train_00713_gl_co_t1.jpg,38.74445,40.30784,0.0,255.0,34.0,76.71775817871094
glioma,brisc2025_test_00221_gl_sa_t1.jpg,50.525314,46.39247,0.0,255.0,55.0,97.23091125488281
glioma,brisc2025_test_00052_gl_ax_t1.jpg,28.643993,38.585888,0.0,255.0,3.0,69.58580017089844
glioma,brisc2025_test_00045_gl_ax_t1.jpg,27.588402,39.234596,0.0,255.0,4.0,68.40972900390625
glioma,brisc2025_test_00197_gl_sa_t1.jpg,42.02929,38.423717,0.0,255.0,41.0,96.59919738769531
glioma,brisc2025_train_00691_gl_co_t1.jpg,23.176945,32.98869,0.0,255.0,3.0,74.49760437011719
glioma,brisc2025_train_00117_gl_ax_t1.jpg,17.193386,24.899355,0.0,253.0,1.0,64.63470458984375
glioma,brisc2025_test_00068_gl_ax_t1.jpg,22.867,30.222233,0.0,255.0,2.0,65.89775085449219
glioma,brisc2025_test_00071_gl_ax_t1.jpg,33.321255,46.287132,0.0,255.0,3.0,71.11358642578125
glioma,brisc2025_train_00012_gl_ax_t1.jpg,25.54438,32.522594,0.0,255.0,4.0,65.93551635742188
glioma,brisc2025_train_00757_gl_co_t1.jpg,36.184044,44.442818,0.0,255.0,5.0,78.71589660644531
glioma,brisc2025_train_00892_gl_sa_t1.jpg,40.49077,40.518536,0.0,255.0,34.0,95.58944702148438
glioma,brisc2025_train_00273_gl_ax_t1.jpg,30.154629,37.822147,0.0,255.0,3.0,66.05567932128906
glioma,brisc2025_train_00810_gl_co_t1.jpg,41.417084,48.57083,0.0,252.0,6.0,82.52677917480469
glioma,brisc2025_train_00934_gl_sa_t1.jpg,42.41384,49.11428,0.0,255.0,6.0,97.53646850585938
glioma,brisc2025_train_00845_gl_sa_t1.jpg,40.6485,46.66823,0.0,255.0,7.0,95.12252807617188
glioma,brisc2025_train_00454_gl_co_t1.jpg,37.607178,41.174202,0.0,252.0,23.0,77.17742919921875
glioma,brisc2025_train_00121_gl_ax_t1.jpg,17.00653,25.387856,0.0,255.0,1.0,66.01753234863281
glioma,brisc2025_train_00936_gl_sa_t1.jpg,47.694714,38.54761,0.0,254.0,51.0,97.12028503417969
glioma,brisc2025_train_00596_gl_co_t1.jpg,30.268578,38.862415,0.0,255.0,4.0,74.90425109863281
glioma,brisc2025_test_00219_gl_sa_t1.jpg,52.32482,37.266182,0.0,255.0,61.0,97.34992980957031
glioma,brisc2025_train_00457_gl_co_t1.jpg,34.34316,37.895027,0.0,253.0,22.0,77.39906311035156
glioma,brisc2025_train_01103_gl_sa_t1.jpg,39.53184,38.404976,0.0,250.0,27.0,97.15843200683594
glioma,brisc2025_test_00185_gl_sa_t1.jpg,46.134315,51.285057,0.0,255.0,11.0,97.65243530273438
glioma,brisc2025_train_00501_gl_co_t1.jpg,39.501926,42.389645,0.0,255.0,29.0,77.57530212402344
glioma,brisc2025_train_00170_gl_ax_t1.jpg,32.28621,37.79599,0.0,255.0,3.0,67.25997924804688
glioma,brisc2025_test_00209_gl_sa_t1.jpg,35.519154,38.612774,0.0,250.0,18.0,97.57041931152344
glioma,brisc2025_train_00022_gl_ax_t1.jpg,22.088623,28.10557,0.0,253.0,3.0,66.30210876464844
glioma,brisc2025_test_00199_gl_sa_t1.jpg,34.939205,39.04276,0.0,254.0,16.0,96.7193603515625
glioma,brisc2025_train_00527_gl_co_t1.jpg,26.467205,35.45076,0.0,254.0,3.0,76.23481750488281
glioma,brisc2025_train_00671_gl_co_t1.jpg,33.68459,38.586357,0.0,255.0,16.0,77.41165161132812
glioma,brisc2025_train_00659_gl_co_t1.jpg,38.64071,39.954216,0.0,255.0,36.0,77.11906433105469
glioma,brisc2025_train_01107_gl_sa_t1.jpg,46.90266,46.78335,0.0,255.0,41.0,96.52481079101562
glioma,brisc2025_test_00044_gl_ax_t1.jpg,25.83033,36.74979,0.0,255.0,2.0,66.6900634765625
glioma,brisc2025_train_00665_gl_co_t1.jpg,26.753788,40.24764,0.0,255.0,4.0,76.99203491210938
glioma,brisc2025_test_00240_gl_sa_t1.jpg,58.577236,47.68087,0.0,255.0,61.0,96.95472717285156
glioma,brisc2025_train_00179_gl_ax_t1.jpg,27.428265,34.529312,0.0,255.0,3.0,67.63191223144531
glioma,brisc2025_train_00606_gl_co_t1.jpg,39.95548,39.923904,0.0,252.0,38.0,75.93307495117188
glioma,brisc2025_train_00341_gl_ax_t1.jpg,30.393425,41.564823,0.0,255.0,5.0,71.26960754394531
glioma,brisc2025_train_00378_gl_ax_t1.jpg,30.364513,48.93565,0.0,255.0,3.0,72.37358093261719
glioma,brisc2025_train_00367_gl_ax_t1.jpg,30.854748,39.772247,0.0,255.0,4.0,68.40744018554688
glioma,brisc2025_train_00492_gl_co_t1.jpg,30.424175,41.316605,0.0,255.0,5.0,74.50981140136719
glioma,brisc2025_train_00779_gl_co_t1.jpg,35.03177,42.07039,0.0,252.0,7.0,76.72767639160156
glioma,brisc2025_train_00737_gl_co_t1.jpg,38.715446,42.766068,0.0,251.0,28.0,77.14653015136719
glioma,brisc2025_train_00274_gl_ax_t1.jpg,24.62247,32.275333,0.0,255.0,3.0,66.6748046875
glioma,brisc2025_train_00744_gl_co_t1.jpg,33.847687,42.64848,0.0,255.0,4.0,77.2430419921875
glioma,brisc2025_test_00066_gl_ax_t1.jpg,30.454674,40.89645,0.0,255.0,3.0,67.29202270507812
glioma,brisc2025_train_00611_gl_co_t1.jpg,13.692505,26.865875,0.0,255.0,2.0,72.46932983398438
glioma,brisc2025_train_00352_gl_ax_t1.jpg,31.54284,40.47166,0.0,255.0,3.0,66.26319885253906
glioma,brisc2025_train_00175_gl_ax_t1.jpg,24.1534,29.722809,0.0,255.0,3.0,66.30401611328125
glioma,brisc2025_train_00716_gl_co_t1.jpg,32.187786,38.839108,0.0,255.0,4.0,76.46446228027344
glioma,brisc2025_train_00440_gl_co_t1.jpg,27.03606,34.389645,0.0,255.0,5.0,76.49002075195312
glioma,brisc2025_train_00118_gl_ax_t1.jpg,17.714363,25.430225,0.0,253.0,1.0,64.72930908203125
glioma,brisc2025_train_00114_gl_ax_t1.jpg,20.491245,33.1126,0.0,253.0,2.0,67.596435546875
meningioma,brisc2025_train_01779_me_co_t1.jpg,38.080353,40.6126,0.0,255.0,23.0,83.65936279296875
meningioma,brisc2025_train_01939_me_co_t1.jpg,45.731808,50.79476,0.0,255.0,12.0,81.58378601074219
meningioma,brisc2025_train_01655_me_co_t1.jpg,91.472145,70.85253,0.0,255.0,102.0,86.77965739672774
meningioma,brisc2025_train_01449_me_ax_t1.jpg,48.379745,46.194923,0.0,252.0,45.0,91.5802001953125
meningioma,brisc2025_train_02146_me_sa_t1.jpg,51.9678,49.90067,0.0,253.0,41.0,97.51129150390625
meningioma,brisc2025_train_01916_me_co_t1.jpg,40.7129,50.763092,0.0,255.0,5.0,82.46879577636719
meningioma,brisc2025_train_01681_me_co_t1.jpg,42.354347,49.128994,0.0,255.0,9.0,81.732177734375
meningioma,brisc2025_train_01651_me_co_t1.jpg,33.895416,46.02866,0.0,255.0,3.0,71.25358581542969
meningioma,brisc2025_train_02079_me_sa_t1.jpg,36.88333,46.45502,0.0,255.0,4.0,96.9970703125
meningioma,brisc2025_test_00526_me_sa_t1.jpg,45.88856,41.91209,0.0,255.0,45.0,96.80900573730469
meningioma,brisc2025_train_01306_me_ax_t1.jpg,22.563038,34.515965,0.0,255.0,4.0,72.20458984375
meningioma,brisc2025_train_02424_me_sa_t1.jpg,42.636837,46.44975,0.0,255.0,28.0,97.05543518066406
meningioma,brisc2025_train_02299_me_sa_t1.jpg,43.497143,43.484768,0.0,255.0,38.0,96.88034057617188
meningioma,brisc2025_train_02446_me_sa_t1.jpg,48.11264,44.234074,0.0,253.0,44.0,98.10714721679688
meningioma,brisc2025_train_01572_me_co_t1.jpg,39.753128,49.78964,0.0,254.0,6.0,82.60040283203125
meningioma,brisc2025_train_01304_me_ax_t1.jpg,73.164955,81.84729,0.0,255.0,15.0,72.14921408891796
meningioma,brisc2025_train_01325_me_ax_t1.jpg,32.869507,41.58962,0.0,255.0,4.0,72.42088317871094
meningioma,brisc2025_train_01364_me_ax_t1.jpg,30.558529,42.022964,0.0,255.0,3.0,73.25477600097656
meningioma,brisc2025_train_02270_me_sa_t1.jpg,39.27286,38.771584,0.0,253.0,34.0,97.78594970703125
meningioma,brisc2025_train_01432_me_ax_t1.jpg,28.588844,38.983654,0.0,252.0,3.0,70.53451538085938
meningioma,brisc2025_train_01390_me_ax_t1.jpg,55.56871,57.029774,0.0,255.0,44.0,67.47061728395062
meningioma,brisc2025_train_01520_me_ax_t1.jpg,22.05795,37.832134,0.0,255.0,4.0,74.50942993164062
meningioma,brisc2025_train_01938_me_co_t1.jpg,42.026054,48.250874,0.0,255.0,9.0,80.86624145507812
meningioma,brisc2025_train_01473_me_ax_t1.jpg,37.377308,45.525288,0.0,254.0,9.0,71.22650146484375
meningioma,brisc2025_train_01453_me_ax_t1.jpg,41.465343,50.776516,0.0,255.0,9.0,74.85427856445312
meningioma,brisc2025_train_01786_me_co_t1.jpg,34.513798,38.437992,0.0,255.0,9.0,83.55827331542969
meningioma,brisc2025_train_01327_me_ax_t1.jpg,32.862766,49.308586,0.0,255.0,3.0,73.93379211425781
meningioma,brisc2025_train_01258_me_ax_t1.jpg,78.81461,63.987823,0.0,255.0,66.0,99.95332809570851
meningioma,brisc2025_train_01587_me_co_t1.jpg,40.654827,44.270035,0.0,255.0,15.0,83.6822509765625
meningioma,brisc2025_test_00325_me_ax_t1.jpg,31.35883,38.85555,0.0,255.0,3.0,70.60890197753906
meningioma,brisc2025_train_01849_me_co_t1.jpg,48.009975,43.68282,0.0,255.0,48.0,91.82624816894531
meningioma,brisc2025_test_00458_me_co_t1.jpg,38.699703,43.24391,0.0,254.0,13.0,82.72743225097656
meningioma,brisc2025_train_01865_me_co_t1.jpg,43.04291,46.772827,0.0,255.0,19.0,82.65190124511719
meningioma,brisc2025_train_01203_me_ax_t1.jpg,30.450863,42.10793,0.0,252.0,3.0,71.3409423828125
meningioma,brisc2025_train_02289_me_sa_t1.jpg,42.363617,42.32872,0.0,255.0,34.0,97.79548645019531
meningioma,brisc2025_train_02002_me_sa_t1.jpg,55.00072,61.49432,0.0,255.0,42.0,78.91848708680392
meningioma,brisc2025_train_01839_me_co_t1.jpg,37.33787,42.748394,0.0,254.0,9.0,83.53004455566406
meningioma,brisc2025_test_00530_me_sa_t1.jpg,46.471886,52.87408,0.0,255.0,10.0,96.65451049804688
meningioma,brisc2025_test_00284_me_ax_t1.jpg,73.141846,70.67873,0.0,255.0,74.0,72.45032751835056
meningioma,brisc2025_train_02110_me_sa_t1.jpg,38.494675,29.215418,0.0,254.0,43.0,98.11973571777344
meningioma,brisc2025_test_00544_me_sa_t1.jpg,43.672703,42.028244,0.0,255.0,36.0,98.06365966796875
meningioma,brisc2025_train_02283_me_sa_t1.jpg,35.631416,40.65513,0.0,255.0,15.0,97.42202758789062
meningioma,brisc2025_train_01412_me_ax_t1.jpg,39.895527,51.17135,0.0,254.0,7.0,71.59271240234375
meningioma,brisc2025_test_00285_me_ax_t1.jpg,60.899525,56.210823,0.0,255.0,73.0,67.4587620447493
meningioma,brisc2025_train_01181_me_ax_t1.jpg,28.256886,48.5343,0.0,254.0,5.0,76.6632080078125
meningioma,brisc2025_train_02303_me_sa_t1.jpg,40.389538,38.882782,0.0,253.0,39.0,97.00355529785156
meningioma,brisc2025_train_01371_me_ax_t1.jpg,32.896458,45.432972,0.0,255.0,4.0,72.44606018066406
meningioma,brisc2025_train_01335_me_ax_t1.jpg,45.39214,61.079678,0.0,250.0,6.0,72.5116049382716
meningioma,brisc2025_test_00506_me_sa_t1.jpg,48.31071,44.10898,0.0,255.0,50.0,97.83172607421875
meningioma,brisc2025_train_01184_me_ax_t1.jpg,36.130264,46.220238,0.0,255.0,4.0,71.23184204101562
meningioma,brisc2025_test_00555_me_sa_t1.jpg,44.500065,36.274742,0.0,255.0,47.0,97.22518920898438
meningioma,brisc2025_train_02088_me_sa_t1.jpg,49.104065,51.79549,0.0,255.0,23.0,97.62687683105469
meningioma,brisc2025_train_01393_me_ax_t1.jpg,83.06326,56.040173,5.0,255.0,86.0,100.0
meningioma,brisc2025_train_01772_me_co_t1.jpg,34.47265,54.07001,0.0,255.0,3.0,82.91282653808594
meningioma,brisc2025_train_01689_me_co_t1.jpg,41.201183,46.969975,0.0,255.0,10.0,83.65211486816406
meningioma,brisc2025_train_01320_me_ax_t1.jpg,25.057465,35.386353,0.0,255.0,3.0,70.73822021484375
meningioma,brisc2025_train_01193_me_ax_t1.jpg,28.62825,42.311253,0.0,254.0,3.0,72.00889587402344
meningioma,brisc2025_train_01275_me_ax_t1.jpg,61.248955,60.94921,0.0,255.0,62.0,72.51733565078847
meningioma,brisc2025_test_00320_me_ax_t1.jpg,75.409874,71.13263,0.0,255.0,37.0,99.90716049382716
meningioma,brisc2025_train_01440_me_ax_t1.jpg,28.073612,40.320652,0.0,255.0,3.0,75.54550170898438
meningioma,brisc2025_train_02197_me_sa_t1.jpg,44.815872,41.789204,0.0,255.0,43.0,98.01101684570312
meningioma,brisc2025_test_00440_me_co_t1.jpg,37.655937,41.822132,0.0,254.0,17.0,82.93685913085938
meningioma,brisc2025_train_01824_me_co_t1.jpg,42.3934,46.964596,0.0,255.0,21.0,82.95097351074219
meningioma,brisc2025_test_00278_me_ax_t1.jpg,65.525154,82.55584,0.0,255.0,17.0,57.73067331670823
meningioma,brisc2025_test_00499_me_sa_t1.jpg,50.19019,48.952087,0.0,255.0,49.0,98.20060729980469
meningioma,brisc2025_test_00287_me_ax_t1.jpg,65.09539,52.429493,0.0,236.0,78.0,98.04343859557663
meningioma,brisc2025_train_02143_me_sa_t1.jpg,45.22425,44.196568,0.0,254.0,37.0,97.88246154785156
meningioma,brisc2025_test_00428_me_co_t1.jpg,34.199455,39.939533,0.0,255.0,8.0,83.27102661132812
meningioma,brisc2025_train_01274_me_ax_t1.jpg,93.31692,69.87178,0.0,255.0,99.0,99.22828569178675
meningioma,brisc2025_train_02235_me_sa_t1.jpg,55.735817,46.095097,0.0,254.0,60.0,98.20365905761719
meningioma,brisc2025_train_01998_me_sa_t1.jpg,103.13059,70.9956,0.0,255.0,113.0,99.8100684588412
meningioma,brisc2025_train_02016_me_sa_t1.jpg,87.428085,47.020203,20.0,255.0,85.0,100.0
meningioma,brisc2025_train_02328_me_sa_t1.jpg,49.089714,50.473434,0.0,255.0,37.0,97.36366271972656
meningioma,brisc2025_train_01752_me_co_t1.jpg,42.071987,44.187397,0.0,255.0,26.0,83.78944396972656
meningioma,brisc2025_test_00558_me_sa_t1.jpg,37.67264,36.401917,0.0,255.0,35.0,97.37815856933594
meningioma,brisc2025_train_02003_me_sa_t1.jpg,95.22034,75.47531,0.0,255.0,97.0,89.93387627017334
meningioma,brisc2025_train_02444_me_sa_t1.jpg,46.549618,45.831615,0.0,255.0,42.0,97.467041015625
meningioma,brisc2025_train_02440_me_sa_t1.jpg,43.101707,41.69368,0.0,253.0,39.0,98.1201171875
meningioma,brisc2025_test_00314_me_ax_t1.jpg,87.76696,76.80853,0.0,237.0,67.0,99.95024229837314
meningioma,brisc2025_train_01891_me_co_t1.jpg,35.47143,40.361958,0.0,251.0,10.0,82.65800476074219
meningioma,brisc2025_test_00324_me_ax_t1.jpg,36.514553,48.400295,0.0,255.0,5.0,71.84257507324219
meningioma,brisc2025_train_01468_me_ax_t1.jpg,31.726765,45.58443,0.0,255.0,3.0,71.19293212890625
meningioma,brisc2025_train_02287_me_sa_t1.jpg,41.51693,41.072426,0.0,255.0,35.0,97.76573181152344
meningioma,brisc2025_train_01900_me_co_t1.jpg,37.185364,51.462597,0.0,255.0,3.0,82.37495422363281
meningioma,brisc2025_test_00553_me_sa_t1.jpg,40.312916,39.675552,0.0,255.0,35.0,97.38960266113281
meningioma,brisc2025_train_02161_me_sa_t1.jpg,53.275375,41.94863,0.0,255.0,57.0,97.56813049316406
meningioma,brisc2025_train_02018_me_sa_t1.jpg,40.24424,48.21704,0.0,255.0,6.0,96.99668884277344
meningioma,brisc2025_train_02447_me_sa_t1.jpg,43.68904,40.246994,0.0,255.0,39.0,98.08845520019531
meningioma,brisc2025_train_02053_me_sa_t1.jpg,48.70059,46.682545,0.0,255.0,40.0,97.42927551269531
meningioma,brisc2025_test_00379_me_ax_t1.jpg,32.67818,46.940792,0.0,255.0,3.0,71.29287719726562
meningioma,brisc2025_train_01818_me_co_t1.jpg,38.930202,49.05078,0.0,255.0,4.0,82.93190002441406
meningioma,brisc2025_train_01829_me_co_t1.jpg,34.520905,41.821148,0.0,255.0,6.0,83.32901000976562
meningioma,brisc2025_train_02157_me_sa_t1.jpg,47.976173,47.065063,0.0,255.0,41.0,97.83973693847656
meningioma,brisc2025_test_00502_me_sa_t1.jpg,50.87364,49.275196,0.0,255.0,44.0,98.0499267578125
meningioma,brisc2025_test_00354_me_ax_t1.jpg,44.290894,47.499004,0.0,255.0,42.0,92.41468253968253
meningioma,brisc2025_train_01195_me_ax_t1.jpg,29.3322,41.576023,0.0,255.0,2.0,71.38748168945312
meningioma,brisc2025_train_01372_me_ax_t1.jpg,33.080357,46.949055,0.0,255.0,4.0,73.32229614257812
meningioma,brisc2025_train_02029_me_sa_t1.jpg,52.394604,44.463474,0.0,255.0,55.0,98.17085266113281
meningioma,brisc2025_train_01933_me_co_t1.jpg,35.644894,44.426624,0.0,255.0,6.0,82.90748596191406
meningioma,brisc2025_train_01597_me_co_t1.jpg,40.37571,52.13305,0.0,255.0,5.0,81.95343017578125
pituitary,brisc2025_train_04369_pi_co_t1.jpg,49.835983,44.640976,0.0,255.0,43.0,98.62060546875
pituitary,brisc2025_train_04274_pi_co_t1.jpg,48.15305,41.171543,0.0,255.0,51.0,98.59390258789062
pituitary,brisc2025_train_04693_pi_sa_t1.jpg,63.599976,38.10447,0.0,255.0,69.0,97.6531982421875
pituitary,brisc2025_train_04737_pi_sa_t1.jpg,48.569225,39.988674,0.0,255.0,49.0,98.81324768066406
pituitary,brisc2025_train_03588_pi_ax_t1.jpg,36.519985,43.761444,0.0,255.0,9.0,72.54867553710938
pituitary,brisc2025_train_04266_pi_co_t1.jpg,49.457382,42.778294,0.0,255.0,49.0,98.40583801269531
pituitary,brisc2025_train_04925_pi_sa_t1.jpg,50.25627,34.084164,0.0,252.0,55.0,98.70567321777344
pituitary,brisc2025_train_03566_pi_ax_t1.jpg,51.905933,37.96383,0.0,255.0,60.0,91.7388916015625
pituitary,brisc2025_train_04648_pi_sa_t1.jpg,58.227192,44.3355,0.0,255.0,65.0,98.19259643554688
pituitary,brisc2025_train_03583_pi_ax_t1.jpg,41.26893,44.808292,0.0,255.0,17.0,91.40434265136719
pituitary,brisc2025_test_00771_pi_ax_t1.jpg,40.906467,48.905743,0.0,255.0,9.0,73.3489990234375
pituitary,brisc2025_test_00938_pi_sa_t1.jpg,51.986744,39.012062,0.0,255.0,55.0,98.63014221191406
pituitary,brisc2025_train_03626_pi_ax_t1.jpg,45.712452,42.79844,0.0,255.0,46.0,91.47148132324219
pituitary,brisc2025_test_00836_pi_co_t1.jpg,46.33059,37.744457,0.0,255.0,42.0,98.68354797363281
pituitary,brisc2025_train_04208_pi_co_t1.jpg,53.159668,38.67478,0.0,255.0,56.0,98.57559204101562
pituitary,brisc2025_train_03904_pi_ax_t1.jpg,38.5061,44.051018,0.0,255.0,17.0,70.84007263183594
pituitary,brisc2025_train_03673_pi_ax_t1.jpg,38.82177,41.84132,0.0,255.0,16.0,72.149658203125
pituitary,brisc2025_train_04217_pi_co_t1.jpg,51.99923,43.05702,0.0,254.0,52.0,98.67401123046875
pituitary,brisc2025_train_04554_pi_sa_t1.jpg,48.397274,37.10201,0.0,255.0,51.0,97.70889282226562
pituitary,brisc2025_train_04382_pi_co_t1.jpg,51.205704,43.267982,0.0,255.0,50.0,98.33259582519531
pituitary,brisc2025_test_00812_pi_ax_t1.jpg,29.976398,40.17507,0.0,254.0,6.0,72.97592163085938
pituitary,brisc2025_train_03730_pi_ax_t1.jpg,39.003506,37.647022,0.0,249.0,36.0,91.44325256347656
pituitary,brisc2025_train_04806_pi_sa_t1.jpg,62.2487,39.19409,0.0,255.0,67.0,97.27516174316406
pituitary,brisc2025_train_03922_pi_ax_t1.jpg,35.336304,40.319912,0.0,255.0,12.0,72.11647033691406
pituitary,brisc2025_train_03697_pi_ax_t1.jpg,36.162125,42.123837,0.0,255.0,7.0,73.12202453613281
pituitary,brisc2025_train_04160_pi_co_t1.jpg,45.761322,34.82251,0.0,255.0,48.0,98.73466491699219
pituitary,brisc2025_train_03766_pi_ax_t1.jpg,49.134415,43.503487,0.0,255.0,51.0,91.48330688476562
pituitary,brisc2025_train_04665_pi_sa_t1.jpg,49.635353,38.546127,0.0,255.0,50.0,98.89068603515625
pituitary,brisc2025_train_04076_pi_co_t1.jpg,46.04632,37.336617,0.0,255.0,45.0,98.66218566894531
pituitary,brisc2025_test_00889_pi_co_t1.jpg,49.914364,36.17015,0.0,250.0,53.0,98.211669921875
pituitary,brisc2025_train_04719_pi_sa_t1.jpg,49.563526,38.62414,0.0,255.0,50.0,98.82431030273438
pituitary,brisc2025_train_04031_pi_co_t1.jpg,52.812035,41.49775,0.0,252.0,54.0,98.64387512207031
pituitary,brisc2025_train_04988_pi_sa_t1.jpg,59.409924,49.50535,0.0,255.0,66.0,97.63526916503906
pituitary,brisc2025_train_04417_pi_co_t1.jpg,52.571,40.85627,0.0,253.0,56.0,91.95060729980469
pituitary,brisc2025_train_03798_pi_ax_t1.jpg,42.448845,47.05317,0.0,255.0,19.0,72.2320556640625
pituitary,brisc2025_train_04241_pi_co_t1.jpg,48.583645,40.69301,0.0,253.0,43.0,98.57940673828125
pituitary,brisc2025_test_00730_pi_ax_t1.jpg,45.28784,40.664295,0.0,255.0,43.0,91.93229675292969
pituitary,brisc2025_test_00816_pi_ax_t1.jpg,37.104046,39.66791,0.0,255.0,21.0,72.03941345214844
pituitary,brisc2025_train_04831_pi_sa_t1.jpg,62.678635,44.40276,0.0,255.0,66.0,98.27232360839844
pituitary,brisc2025_train_03547_pi_ax_t1.jpg,39.988266,39.114544,0.0,254.0,32.0,91.58058166503906
pituitary,brisc2025_train_04437_pi_co_t1.jpg,48.52882,38.08378,0.0,255.0,50.0,91.53213500976562
pituitary,brisc2025_test_00766_pi_ax_t1.jpg,44.107437,38.634865,0.0,255.0,48.0,89.09912109375
pituitary,brisc2025_test_00913_pi_co_t1.jpg,48.25323,41.211918,0.0,255.0,50.0,91.48292541503906
pituitary,brisc2025_train_04515_pi_sa_t1.jpg,47.445827,38.282463,0.0,249.0,47.0,98.86627197265625
pituitary,brisc2025_train_04228_pi_co_t1.jpg,46.526012,38.76585,0.0,255.0,44.0,91.53175354003906
pituitary,brisc2025_train_04434_pi_co_t1.jpg,51.703354,44.429745,0.0,255.0,51.0,98.25668334960938
pituitary,brisc2025_train_04592_pi_sa_t1.jpg,56.73564,40.309128,0.0,255.0,59.0,98.468017578125
pituitary,brisc2025_train_04345_pi_co_t1.jpg,51.771793,42.92693,0.0,255.0,56.0,91.11442565917969
pituitary,brisc2025_train_04589_pi_sa_t1.jpg,53.044716,43.973164,0.0,255.0,57.0,98.08197021484375
pituitary,brisc2025_test_00897_pi_co_t1.jpg,50.35485,44.38161,0.0,255.0,50.0,91.57333374023438
pituitary,brisc2025_train_03966_pi_ax_t1.jpg,43.119564,46.023605,0.0,255.0,22.0,91.28684997558594
pituitary,brisc2025_train_04619_pi_sa_t1.jpg,48.8824,41.564854,0.0,255.0,52.0,98.93684387207031
pituitary,brisc2025_train_04186_pi_co_t1.jpg,54.0375,49.75577,0.0,255.0,55.0,91.36886596679688
pituitary,brisc2025_train_04840_pi_sa_t1.jpg,55.104553,38.873394,0.0,255.0,59.0,98.7091064453125
pituitary,brisc2025_train_04993_pi_sa_t1.jpg,56.324703,40.10442,0.0,254.0,58.0,98.39210510253906
pituitary,brisc2025_train_03682_pi_ax_t1.jpg,42.615055,39.785954,0.0,255.0,37.0,91.61300659179688
pituitary,brisc2025_train_04727_pi_sa_t1.jpg,44.123234,32.923466,0.0,255.0,44.0,98.71559143066406
pituitary,brisc2025_train_04452_pi_co_t1.jpg,49.966396,40.21915,0.0,254.0,51.0,98.41880798339844
pituitary,brisc2025_train_04610_pi_sa_t1.jpg,66.94488,53.523052,0.0,255.0,71.0,98.26622009277344
pituitary,brisc2025_train_03726_pi_ax_t1.jpg,35.889057,38.945084,0.0,252.0,23.0,72.80960083007812
pituitary,brisc2025_test_00724_pi_ax_t1.jpg,39.350956,44.30596,0.0,255.0,14.0,73.11210632324219
pituitary,brisc2025_test_00911_pi_co_t1.jpg,58.07895,41.087048,0.0,246.0,67.0,98.04840087890625
pituitary,brisc2025_train_03832_pi_ax_t1.jpg,51.453224,37.9141,0.0,255.0,60.0,91.51573181152344
pituitary,brisc2025_train_03723_pi_ax_t1.jpg,44.130226,49.596294,0.0,255.0,17.0,72.60971069335938
pituitary,brisc2025_train_04465_pi_co_t1.jpg,49.41266,36.798656,0.0,249.0,56.0,97.7386474609375
pituitary,brisc2025_test_00948_pi_sa_t1.jpg,50.21314,38.468964,0.0,255.0,54.0,98.56529235839844
pituitary,brisc2025_train_04082_pi_co_t1.jpg,54.172817,43.676205,0.0,255.0,55.0,91.64657592773438
pituitary,brisc2025_train_04506_pi_sa_t1.jpg,51.88136,34.50409,0.0,255.0,56.0,98.83460998535156
pituitary,brisc2025_train_04920_pi_sa_t1.jpg,51.399868,34.48045,0.0,255.0,56.0,98.70948791503906
pituitary,brisc2025_train_03949_pi_ax_t1.jpg,37.816338,44.559628,0.0,254.0,5.0,71.83189392089844
pituitary,brisc2025_train_03864_pi_ax_t1.jpg,35.910645,44.326603,0.0,255.0,5.0,72.46932983398438
pituitary,brisc2025_test_00990_pi_sa_t1.jpg,36.59894,27.590286,0.0,254.0,36.0,98.67362976074219
pituitary,brisc2025_train_04697_pi_sa_t1.jpg,59.363876,36.60491,0.0,249.0,64.0,97.50823974609375
pituitary,brisc2025_train_03609_pi_ax_t1.jpg,25.80083,30.21989,0.0,255.0,4.0,76.11770629882812
pituitary,brisc2025_train_03863_pi_ax_t1.jpg,49.52677,46.257915,0.0,253.0,50.0,91.24069213867188
pituitary,brisc2025_test_00810_pi_ax_t1.jpg,47.030373,49.98676,0.0,255.0,33.0,72.59521484375
pituitary,brisc2025_train_04297_pi_co_t1.jpg,45.830475,34.39407,0.0,255.0,48.0,98.16360473632812
pituitary,brisc2025_train_04147_pi_co_t1.jpg,49.82402,35.4717,0.0,255.0,55.0,92.29202270507812
pituitary,brisc2025_train_04942_pi_sa_t1.jpg,62.402794,39.00402,0.0,253.0,68.0,98.30856323242188
pituitary,brisc2025_train_03998_pi_co_t1.jpg,48.72466,43.375065,0.0,254.0,50.0,91.43867492675781
pituitary,brisc2025_train_04777_pi_sa_t1.jpg,57.83721,43.625504,0.0,255.0,64.0,97.38731384277344
pituitary,brisc2025_train_04699_pi_sa_t1.jpg,60.034225,43.06628,0.0,255.0,68.0,98.22883605957031
pituitary,brisc2025_train_03938_pi_ax_t1.jpg,42.17499,39.73202,0.0,254.0,36.0,91.34941101074219
pituitary,brisc2025_train_03771_pi_ax_t1.jpg,38.829426,33.587025,0.0,255.0,41.0,91.31431579589844
pituitary,brisc2025_train_04779_pi_sa_t1.jpg,53.715187,40.582798,0.0,253.0,61.0,97.320556640625
pituitary,brisc2025_train_04876_pi_sa_t1.jpg,41.913467,31.134802,0.0,255.0,42.0,98.67019653320312
pituitary,brisc2025_train_03778_pi_ax_t1.jpg,42.776875,48.826088,0.0,255.0,14.0,72.1435546875
pituitary,brisc2025_train_04158_pi_co_t1.jpg,48.15034,36.98265,0.0,254.0,50.0,98.67172241210938
pituitary,brisc2025_train_04620_pi_sa_t1.jpg,49.90324,42.6264,0.0,255.0,54.0,98.91281127929688
pituitary,brisc2025_train_04238_pi_co_t1.jpg,48.438705,42.168957,0.0,255.0,50.0,91.790771484375
pituitary,brisc2025_train_04542_pi_sa_t1.jpg,57.417946,41.35501,0.0,254.0,62.0,98.09989929199219
pituitary,brisc2025_train_03677_pi_ax_t1.jpg,32.691967,38.8358,0.0,255.0,8.0,72.60360717773438
pituitary,brisc2025_train_04989_pi_sa_t1.jpg,56.37415,46.18286,0.0,255.0,61.0,97.64785766601562
pituitary,brisc2025_train_04904_pi_sa_t1.jpg,48.25549,38.674202,0.0,252.0,49.0,98.79684448242188
pituitary,brisc2025_train_04570_pi_sa_t1.jpg,61.72379,46.532253,0.0,254.0,70.0,98.06060791015625
pituitary,brisc2025_train_04495_pi_sa_t1.jpg,53.98806,42.38402,0.0,255.0,60.0,98.07701110839844
pituitary,brisc2025_train_04176_pi_co_t1.jpg,53.698257,43.66601,0.0,255.0,57.0,98.651123046875
pituitary,brisc2025_train_04182_pi_co_t1.jpg,50.375126,44.028763,0.0,255.0,47.0,98.6114501953125
pituitary,brisc2025_train_03843_pi_ax_t1.jpg,35.534855,40.74039,0.0,255.0,6.0,76.24626159667969
pituitary,brisc2025_train_03618_pi_ax_t1.jpg,43.11034,49.628433,0.0,254.0,12.0,73.20556640625
no_tumor,brisc2025_test_00662_no_sa_t1.jpg,30.57034,43.925762,0.0,247.0,2.0,56.74312027673122
no_tumor,brisc2025_train_02597_no_ax_t1.jpg,49.62656,56.354893,0.0,254.0,14.0,99.84054565429688
no_tumor,brisc2025_train_03420_no_sa_t1.jpg,40.16807,51.783257,0.0,247.0,2.0,55.97417762795514
no_tumor,brisc2025_test_00670_no_sa_t1.jpg,36.451164,35.517414,0.0,249.0,31.0,71.16428345855275
no_tumor,brisc2025_train_02986_no_co_t1.jpg,61.980602,49.908394,0.0,254.0,74.0,89.9365151058918
no_tumor,brisc2025_train_03073_no_co_t1.jpg,50.698696,44.953346,0.0,234.0,61.0,75.2270902338653
no_tumor,brisc2025_train_02669_no_ax_t1.jpg,60.478737,50.14675,0.0,255.0,57.0,99.33967590332031
no_tumor,brisc2025_test_00610_no_ax_t1.jpg,56.61941,51.264595,0.0,251.0,56.0,98.93913269042969
no_tumor,brisc2025_train_02798_no_ax_t1.jpg,65.77327,76.32304,0.0,255.0,8.0,71.22917175292969
no_tumor,brisc2025_train_03258_no_sa_t1.jpg,55.048744,51.118614,0.0,249.0,51.0,74.2554769721139
no_tumor,brisc2025_train_02790_no_ax_t1.jpg,40.71187,59.62261,0.0,255.0,0.0,39.684295654296875
no_tumor,brisc2025_train_02895_no_co_t1.jpg,31.599304,46.932632,0.0,243.0,2.0,62.87513801063936
no_tumor,brisc2025_train_02492_no_ax_t1.jpg,33.37381,42.946354,0.0,241.0,5.0,66.76703804075078
no_tumor,brisc2025_train_02760_no_ax_t1.jpg,41.229565,41.368336,0.0,255.0,12.0,99.99885559082031
no_tumor,brisc2025_train_03377_no_sa_t1.jpg,36.88637,42.06286,0.0,246.0,14.0,62.01555511490074
no_tumor,brisc2025_test_00639_no_co_t1.jpg,51.11514,50.053154,0.0,230.0,44.0,75.37639265281541
no_tumor,brisc2025_train_03478_no_sa_t1.jpg,48.71334,49.820972,0.0,255.0,45.0,95.25741825378664
no_tumor,brisc2025_train_02545_no_ax_t1.jpg,75.46725,79.10262,0.0,255.0,85.0,62.68463134765625
no_tumor,brisc2025_train_02629_no_ax_t1.jpg,61.950905,66.79393,0.0,249.0,20.0,98.11477661132812
no_tumor,brisc2025_train_03307_no_sa_t1.jpg,54.59495,45.6602,0.0,243.0,57.0,80.27702499247215
no_tumor,brisc2025_test_00689_no_sa_t1.jpg,56.36257,49.417603,0.0,244.0,60.0,77.97313474489759
no_tumor,brisc2025_train_03276_no_sa_t1.jpg,64.659,56.51826,0.0,248.0,69.0,78.3924912419856
no_tumor,brisc2025_train_03525_no_sa_t1.jpg,44.52746,56.597107,0.0,255.0,29.0,60.596466064453125
no_tumor,brisc2025_train_03308_no_sa_t1.jpg,51.85825,46.133152,0.0,255.0,50.0,74.526479682141
no_tumor,brisc2025_train_03072_no_co_t1.jpg,63.012573,68.04587,0.0,251.0,33.0,71.37157482685939
no_tumor,brisc2025_train_03399_no_sa_t1.jpg,53.48278,55.462906,0.0,246.0,42.0,66.05415647652411
no_tumor,brisc2025_train_02511_no_ax_t1.jpg,56.515057,61.73054,0.0,253.0,17.0,62.72583559168925
no_tumor,brisc2025_train_03274_no_sa_t1.jpg,57.46361,53.862606,0.0,242.0,56.0,72.49212329521669
no_tumor,brisc2025_train_02919_no_co_t1.jpg,41.968056,54.59927,0.0,248.0,4.0,58.41864900130482
no_tumor,brisc2025_train_03347_no_sa_t1.jpg,66.37625,54.991055,0.0,249.0,77.0,77.65659770418843
no_tumor,brisc2025_train_03008_no_co_t1.jpg,59.097775,46.767445,0.0,245.0,66.0,92.49849442938873
no_tumor,brisc2025_train_03037_no_co_t1.jpg,55.321815,44.662056,0.0,243.0,59.0,85.75981130181673
no_tumor,brisc2025_train_03412_no_sa_t1.jpg,41.430653,45.904198,0.0,233.0,12.0,57.437886031976845
no_tumor,brisc2025_train_03536_no_sa_t1.jpg,43.45339,50.057888,0.0,255.0,26.0,84.65766906738281
no_tumor,brisc2025_train_03015_no_co_t1.jpg,64.34879,47.6768,0.0,231.0,73.0,89.87127371273714
no_tumor,brisc2025_train_03535_no_sa_t1.jpg,57.67845,55.654736,0.0,255.0,42.0,96.95167541503906
no_tumor,brisc2025_train_02708_no_ax_t1.jpg,61.77825,48.448307,0.0,255.0,39.0,99.99008178710938
no_tumor,brisc2025_test_00605_no_ax_t1.jpg,72.12833,77.46147,0.0,255.0,77.0,61.50398254394531
no_tumor,brisc2025_train_02779_no_ax_t1.jpg,57.009533,60.527817,1.0,255.0,19.0,100.0
no_tumor,brisc2025_train_02915_no_co_t1.jpg,42.44419,49.577682,0.0,248.0,14.0,68.46709061150017
no_tumor,brisc2025_train_02607_no_ax_t1.jpg,47.415855,48.44844,1.0,249.0,14.0,100.0
no_tumor,brisc2025_train_02815_no_ax_t1.jpg,46.48661,52.385963,0.0,255.0,8.0,99.36904907226562
no_tumor,brisc2025_train_03336_no_sa_t1.jpg,53.189686,44.874195,0.0,249.0,53.0,77.95991510050601
no_tumor,brisc2025_train_02495_no_ax_t1.jpg,40.32189,47.250614,0.0,255.0,11.0,66.28525544514704
no_tumor,brisc2025_train_03440_no_sa_t1.jpg,35.20121,50.538708,0.0,249.0,1.0,51.82688141244556
no_tumor,brisc2025_test_00637_no_co_t1.jpg,65.079666,51.42683,0.0,243.0,74.0,84.78244504667269
no_tumor,brisc2025_train_02731_no_ax_t1.jpg,51.073536,68.109215,0.0,255.0,0.0,48.92311096191406
no_tumor,brisc2025_test_00631_no_co_t1.jpg,55.007313,48.909054,0.0,243.0,62.0,78.7476161798655
no_tumor,brisc2025_train_02801_no_ax_t1.jpg,62.738354,58.91799,0.0,253.0,28.0,99.95193481445312
no_tumor,brisc2025_train_02681_no_ax_t1.jpg,34.20924,51.72891,0.0,255.0,1.0,98.13804626464844
no_tumor,brisc2025_train_02505_no_ax_t1.jpg,61.814903,64.27416,0.0,244.0,31.0,67.82846532169026
no_tumor,brisc2025_train_02909_no_co_t1.jpg,28.722548,39.747078,0.0,244.0,3.0,61.1914082103784
no_tumor,brisc2025_train_02623_no_ax_t1.jpg,43.40784,38.41844,0.0,255.0,37.0,80.1849365234375
no_tumor,brisc2025_train_03226_no_sa_t1.jpg,51.174248,51.82815,0.0,255.0,44.0,66.99201680363687
no_tumor,brisc2025_train_02866_no_co_t1.jpg,41.66307,37.475525,0.0,245.0,30.0,95.13664245605469
no_tumor,brisc2025_train_02772_no_ax_t1.jpg,56.924683,75.0437,0.0,251.0,0.0,48.51837158203125
no_tumor,brisc2025_test_00584_no_ax_t1.jpg,27.561314,50.211456,0.0,249.0,1.0,55.48404095152063
no_tumor,brisc2025_train_02860_no_co_t1.jpg,60.116943,44.811203,0.0,249.0,58.0,98.0316162109375
no_tumor,brisc2025_train_02859_no_co_t1.jpg,82.59257,65.41852,0.0,255.0,72.0,99.99961853027344
no_tumor,brisc2025_test_00684_no_sa_t1.jpg,60.19751,53.667873,0.0,252.0,56.0,78.73913969491998
no_tumor,brisc2025_test_00604_no_ax_t1.jpg,31.418606,55.430355,0.0,255.0,1.0,98.88877868652344
no_tumor,brisc2025_test_00619_no_co_t1.jpg,35.702724,46.37117,0.0,255.0,4.0,61.098564689350596
no_tumor,brisc2025_train_02568_no_ax_t1.jpg,74.94145,84.64203,0.0,255.0,56.0,59.4024658203125
no_tumor,brisc2025_train_03064_no_co_t1.jpg,60.02729,52.873,0.0,255.0,68.0,82.47032737707056
no_tumor,brisc2025_train_02954_no_co_t1.jpg,58.136494,50.755943,0.0,242.0,60.0,82.0485797450567
no_tumor,brisc2025_train_02888_no_co_t1.jpg,35.692738,55.88516,0.0,251.0,1.0,53.26206965773361
no_tumor,brisc2025_train_02834_no_co_t1.jpg,47.252583,46.906193,0.0,255.0,42.0,97.47581481933594
no_tumor,brisc2025_train_03340_no_sa_t1.jpg,55.84624,51.98037,0.0,255.0,56.0,71.99418335646772
no_tumor,brisc2025_train_02570_no_ax_t1.jpg,80.1127,77.31814,0.0,255.0,87.0,75.88424682617188
no_tumor,brisc2025_train_03074_no_co_t1.jpg,48.815887,45.39814,0.0,250.0,47.0,82.38998580461995
no_tumor,brisc2025_train_02555_no_ax_t1.jpg,61.612072,68.0588,0.0,251.0,18.0,97.96371459960938
no_tumor,brisc2025_train_02670_no_ax_t1.jpg,87.74669,78.694084,0.0,255.0,97.0,72.35794067382812
no_tumor,brisc2025_test_00674_no_sa_t1.jpg,46.922012,42.822105,0.0,249.0,43.0,74.51766658587995
no_tumor,brisc2025_train_03490_no_sa_t1.jpg,35.17867,36.746113,0.0,253.0,31.0,80.33012921525369
no_tumor,brisc2025_train_03151_no_sa_t1.jpg,43.922497,50.957977,0.0,250.0,9.0,63.18255594480065
no_tumor,brisc2025_test_00612_no_ax_t1.jpg,43.200462,60.554688,0.0,255.0,0.0,42.067718505859375
no_tumor,brisc2025_train_02816_no_ax_t1.jpg,34.696865,38.129814,0.0,246.0,28.0,66.40167236328125
no_tumor,brisc2025_train_02689_no_ax_t1.jpg,42.570797,55.254025,0.0,255.0,2.0,75.39291381835938
no_tumor,brisc2025_train_02747_no_ax_t1.jpg,46.002937,49.77662,0.0,253.0,13.0,89.90325927734375
no_tumor,brisc2025_train_02584_no_ax_t1.jpg,43.351337,52.567104,0.0,255.0,6.0,56.607818603515625
no_tumor,brisc2025_train_03093_no_co_t1.jpg,46.77912,52.01603,0.0,244.0,16.0,60.718408110007026
no_tumor,brisc2025_train_02761_no_ax_t1.jpg,61.04213,43.252674,0.0,255.0,70.0,99.99198913574219
no_tumor,brisc2025_train_02757_no_ax_t1.jpg,63.951614,49.4887,0.0,252.0,74.0,91.74690246582031
no_tumor,brisc2025_train_02717_no_ax_t1.jpg,87.20473,78.879745,0.0,255.0,96.0,72.47962951660156
no_tumor,brisc2025_test_00615_no_co_t1.jpg,31.336784,46.80714,0.0,255.0,1.0,54.74505670982636
no_tumor,brisc2025_train_03043_no_co_t1.jpg,50.90426,45.98355,0.0,254.0,54.0,78.40133493927532
no_tumor,brisc2025_train_03060_no_co_t1.jpg,55.972775,46.186832,0.0,245.0,66.0,85.22031516611463
no_tumor,brisc2025_train_03212_no_sa_t1.jpg,39.81671,41.687435,0.0,245.0,28.0,65.82428154904856
no_tumor,brisc2025_test_00617_no_co_t1.jpg,42.015446,50.888496,0.0,247.0,8.0,66.56629529258255
no_tumor,brisc2025_test_00647_no_co_t1.jpg,58.050625,52.26646,0.0,255.0,62.0,81.12014453477869
no_tumor,brisc2025_train_02989_no_co_t1.jpg,48.202034,50.834656,0.0,247.0,27.0,73.26608451269698
no_tumor,brisc2025_train_03169_no_sa_t1.jpg,31.900007,43.975002,0.0,254.0,1.0,53.78485763177415
no_tumor,brisc2025_train_02695_no_ax_t1.jpg,38.293804,46.715553,0.0,255.0,4.0,69.16770935058594
no_tumor,brisc2025_train_03506_no_sa_t1.jpg,60.239803,62.862164,0.0,255.0,47.0,73.83537292480469
no_tumor,brisc2025_train_02521_no_ax_t1.jpg,52.864235,58.79448,0.0,255.0,17.0,65.59771153267087
no_tumor,brisc2025_train_03181_no_sa_t1.jpg,36.147934,49.20141,0.0,246.0,1.0,53.50063527735548
no_tumor,brisc2025_train_02611_no_ax_t1.jpg,85.352196,73.76729,0.0,250.0,82.0,72.22480773925781
no_tumor,brisc2025_train_02626_no_ax_t1.jpg,48.20831,62.10288,0.0,255.0,0.0,46.75865173339844
no_tumor,brisc2025_train_02577_no_ax_t1.jpg,45.702168,49.2186,0.0,255.0,31.0,99.66354370117188
no_tumor,brisc2025_train_02885_no_co_t1.jpg,17.269535,37.80482,0.0,252.0,0.0,41.55374887082204
