filename,true_class,mri_plane,mask_path,original_mask_width,original_mask_height,resize_scale,resized_width,resized_height,pad_left,pad_top,pad_right,pad_bottom,bbox_x_min_224,bbox_y_min_224,bbox_x_max_224,bbox_y_max_224,bbox_width_224,bbox_height_224,bbox_area_224,processed_image_path
brisc2025_test_00001_gl_ax_t1.jpg,glioma,axial,D:\MSC Bioinformatics\INTERNSHIP\brisc2025\segmentation_task\test\masks\brisc2025_test_00001_gl_ax_t1.png,512,512,0.4375,224,224,0,0,0,0,102,84,129,108,28,25,700,D:\MSC Bioinformatics\INTERNSHIP\BrainTumor\data\processed\classification_224_rgb\test\glioma\brisc2025_test_00001_gl_ax_t1.png
brisc2025_test_00086_gl_co_t1.jpg,glioma,coronal,D:\MSC Bioinformatics\INTERNSHIP\brisc2025\segmentation_task\test\masks\brisc2025_test_00086_gl_co_t1.png,512,512,0.4375,224,224,0,0,0,0,52,59,87,94,36,36,1296,D:\MSC Bioinformatics\INTERNSHIP\BrainTumor\data\processed\classification_224_rgb\test\glioma\brisc2025_test_00086_gl_co_t1.png
brisc2025_test_00167_gl_sa_t1.jpg,glioma,sagittal,D:\MSC Bioinformatics\INTERNSHIP\brisc2025\segmentation_task\test\masks\brisc2025_test_00167_gl_sa_t1.png,512,512,0.4375,224,224,0,0,0,0,89,59,125,93,37,35,1295,D:\MSC Bioinformatics\INTERNSHIP\BrainTumor\data\processed\classification_224_rgb\test\glioma\brisc2025_test_00167_gl_sa_t1.png
brisc2025_test_00255_me_ax_t1.jpg,meningioma,axial,D:\MSC Bioinformatics\INTERNSHIP\brisc2025\segmentation_task\test\masks\brisc2025_test_00255_me_ax_t1.png,257,307,0.7296416938110749,188,224,18,0,18,0,129,99,181,174,53,76,4028,D:\MSC Bioinformatics\INTERNSHIP\BrainTumor\data\processed\classification_224_rgb\test\meningioma\brisc2025_test_00255_me_ax_t1.png
brisc2025_test_00392_me_co_t1.jpg,meningioma,coronal,D:\MSC Bioinformatics\INTERNSHIP\brisc2025\segmentation_task\test\masks\brisc2025_test_00392_me_co_t1.png,440,278,0.509090909090909,224,142,0,41,0,41,126,102,178,154,53,53,2809,D:\MSC Bioinformatics\INTERNSHIP\BrainTumor\data\processed\classification_224_rgb\test\meningioma\brisc2025_test_00392_me_co_t1.png
brisc2025_test_00478_me_sa_t1.jpg,meningioma,sagittal,D:\MSC Bioinformatics\INTERNSHIP\brisc2025\segmentation_task\test\masks\brisc2025_test_00478_me_sa_t1.png,630,423,0.35555555555555557,224,150,0,37,0,37,117,51,161,93,45,43,1935,D:\MSC Bioinformatics\INTERNSHIP\BrainTumor\data\processed\classification_224_rgb\test\meningioma\brisc2025_test_00478_me_sa_t1.png
brisc2025_test_00701_pi_ax_t1.jpg,pituitary,axial,D:\MSC Bioinformatics\INTERNSHIP\brisc2025\segmentation_task\test\masks\brisc2025_test_00701_pi_ax_t1.png,512,512,0.4375,224,224,0,0,0,0,98,84,129,108,32,25,800,D:\MSC Bioinformatics\INTERNSHIP\BrainTumor\data\processed\classification_224_rgb\test\pituitary\brisc2025_test_00701_pi_ax_t1.png
brisc2025_test_00825_pi_co_t1.jpg,pituitary,coronal,D:\MSC Bioinformatics\INTERNSHIP\brisc2025\segmentation_task\test\masks\brisc2025_test_00825_pi_co_t1.png,512,512,0.4375,224,224,0,0,0,0,91,98,129,132,39,35,1365,D:\MSC Bioinformatics\INTERNSHIP\BrainTumor\data\processed\classification_224_rgb\test\pituitary\brisc2025_test_00825_pi_co_t1.png
brisc2025_test_00915_pi_sa_t1.jpg,pituitary,sagittal,D:\MSC Bioinformatics\INTERNSHIP\brisc2025\segmentation_task\test\masks\brisc2025_test_00915_pi_sa_t1.png,512,512,0.4375,224,224,0,0,0,0,73,119,104,138,32,20,640,D:\MSC Bioinformatics\INTERNSHIP\BrainTumor\data\processed\classification_224_rgb\test\pituitary\brisc2025_test_00915_pi_sa_t1.png
