filename,true_class,mri_plane,mask_path,mask_exists,mask_readable,mask_width,mask_height,mask_channels,mask_dtype,mask_min,mask_max,mask_unique_values,tumor_pixels,tumor_present,bbox_x_min,bbox_y_min,bbox_x_max,bbox_y_max,bbox_width,bbox_height,bbox_area,bbox_area_fraction,status,predicted_class,correct_prediction,processed_image_path
brisc2025_test_00001_gl_ax_t1.jpg,glioma,axial,D:\MSC Bioinformatics\INTERNSHIP\brisc2025\segmentation_task\test\masks\brisc2025_test_00001_gl_ax_t1.png,True,True,512,512,1,uint8,0,255,"0,1,2,3,4,5,7,248,249,250,251,252,253,254,255",1498,True,232,192,295,247,64,56,3584,0.013671875,PASS,glioma,True,D:\MSC Bioinformatics\INTERNSHIP\BrainTumor\data\processed\classification_224_rgb\test\glioma\brisc2025_test_00001_gl_ax_t1.png
brisc2025_test_00086_gl_co_t1.jpg,glioma,coronal,D:\MSC Bioinformatics\INTERNSHIP\brisc2025\segmentation_task\test\masks\brisc2025_test_00086_gl_co_t1.png,True,True,512,512,1,uint8,0,255,"0,1,2,3,4,5,6,7,248,249,250,251,252,253,254,255",3666,True,120,136,199,215,80,80,6400,0.0244140625,PASS,glioma,True,D:\MSC Bioinformatics\INTERNSHIP\BrainTumor\data\processed\classification_224_rgb\test\glioma\brisc2025_test_00086_gl_co_t1.png
brisc2025_test_00167_gl_sa_t1.jpg,glioma,sagittal,D:\MSC Bioinformatics\INTERNSHIP\brisc2025\segmentation_task\test\masks\brisc2025_test_00167_gl_sa_t1.png,True,True,512,512,1,uint8,0,255,"0,1,2,3,4,5,6,7,248,249,250,251,252,253,254,255",3691,True,200,136,287,215,88,80,7040,0.02685546875,PASS,glioma,True,D:\MSC Bioinformatics\INTERNSHIP\BrainTumor\data\processed\classification_224_rgb\test\glioma\brisc2025_test_00167_gl_sa_t1.png
brisc2025_test_00255_me_ax_t1.jpg,meningioma,axial,D:\MSC Bioinformatics\INTERNSHIP\brisc2025\segmentation_task\test\masks\brisc2025_test_00255_me_ax_t1.png,True,True,257,307,1,uint8,0,255,"0,1,2,3,4,5,7,248,249,250,251,252,253,254,255",4508,True,152,136,223,239,72,104,7488,0.094906145832013,PASS,meningioma,True,D:\MSC Bioinformatics\INTERNSHIP\BrainTumor\data\processed\classification_224_rgb\test\meningioma\brisc2025_test_00255_me_ax_t1.png
brisc2025_test_00392_me_co_t1.jpg,meningioma,coronal,D:\MSC Bioinformatics\INTERNSHIP\brisc2025\segmentation_task\test\masks\brisc2025_test_00392_me_co_t1.png,True,True,440,278,1,uint8,0,255,"0,1,2,3,4,5,6,248,249,250,251,252,253,254,255",5813,True,248,120,351,223,104,104,10816,0.0884238064094179,PASS,meningioma,True,D:\MSC Bioinformatics\INTERNSHIP\BrainTumor\data\processed\classification_224_rgb\test\meningioma\brisc2025_test_00392_me_co_t1.png
brisc2025_test_00478_me_sa_t1.jpg,meningioma,sagittal,D:\MSC Bioinformatics\INTERNSHIP\brisc2025\segmentation_task\test\masks\brisc2025_test_00478_me_sa_t1.png,True,True,630,423,1,uint8,0,255,"0,1,2,3,4,5,6,7,248,249,250,251,252,253,254,255",10187,True,328,40,455,159,128,120,15360,0.0576381852977597,PASS,meningioma,True,D:\MSC Bioinformatics\INTERNSHIP\BrainTumor\data\processed\classification_224_rgb\test\meningioma\brisc2025_test_00478_me_sa_t1.png
brisc2025_test_00701_pi_ax_t1.jpg,pituitary,axial,D:\MSC Bioinformatics\INTERNSHIP\brisc2025\segmentation_task\test\masks\brisc2025_test_00701_pi_ax_t1.png,True,True,512,512,1,uint8,0,255,"0,1,2,3,4,5,6,7,248,250,251,252,253,254,255",2148,True,224,192,295,247,72,56,4032,0.015380859375,PASS,pituitary,True,D:\MSC Bioinformatics\INTERNSHIP\BrainTumor\data\processed\classification_224_rgb\test\pituitary\brisc2025_test_00701_pi_ax_t1.png
brisc2025_test_00825_pi_co_t1.jpg,pituitary,coronal,D:\MSC Bioinformatics\INTERNSHIP\brisc2025\segmentation_task\test\masks\brisc2025_test_00825_pi_co_t1.png,True,True,512,512,1,uint8,0,255,"0,1,2,3,4,5,6,7,248,249,250,251,252,253,254,255",4045,True,208,224,295,303,88,80,7040,0.02685546875,PASS,pituitary,True,D:\MSC Bioinformatics\INTERNSHIP\BrainTumor\data\processed\classification_224_rgb\test\pituitary\brisc2025_test_00825_pi_co_t1.png
brisc2025_test_00915_pi_sa_t1.jpg,pituitary,sagittal,D:\MSC Bioinformatics\INTERNSHIP\brisc2025\segmentation_task\test\masks\brisc2025_test_00915_pi_sa_t1.png,True,True,512,512,1,uint8,0,255,"0,1,2,3,4,5,6,7,248,249,250,251,252,253,254,255",1564,True,168,272,239,319,72,48,3456,0.01318359375,PASS,pituitary,True,D:\MSC Bioinformatics\INTERNSHIP\BrainTumor\data\processed\classification_224_rgb\test\pituitary\brisc2025_test_00915_pi_sa_t1.png
