filename,true_class,predicted_class,mri_plane,correct_prediction,gradcam_target_class,gradcam_target_index,bbox_x_min_224,bbox_y_min_224,bbox_x_max_224,bbox_y_max_224,image_path,mask_path
brisc2025_test_00001_gl_ax_t1.jpg,glioma,glioma,axial,True,glioma,0,102,84,129,108,D:\MSC Bioinformatics\INTERNSHIP\BrainTumor\data\processed\classification_224_rgb\test\glioma\brisc2025_test_00001_gl_ax_t1.png,D:\MSC Bioinformatics\INTERNSHIP\brisc2025\segmentation_task\test\masks\brisc2025_test_00001_gl_ax_t1.png
brisc2025_test_00086_gl_co_t1.jpg,glioma,glioma,coronal,True,glioma,0,52,59,87,94,D:\MSC Bioinformatics\INTERNSHIP\BrainTumor\data\processed\classification_224_rgb\test\glioma\brisc2025_test_00086_gl_co_t1.png,D:\MSC Bioinformatics\INTERNSHIP\brisc2025\segmentation_task\test\masks\brisc2025_test_00086_gl_co_t1.png
brisc2025_test_00167_gl_sa_t1.jpg,glioma,glioma,sagittal,True,glioma,0,89,59,125,93,D:\MSC Bioinformatics\INTERNSHIP\BrainTumor\data\processed\classification_224_rgb\test\glioma\brisc2025_test_00167_gl_sa_t1.png,D:\MSC Bioinformatics\INTERNSHIP\brisc2025\segmentation_task\test\masks\brisc2025_test_00167_gl_sa_t1.png
brisc2025_test_00255_me_ax_t1.jpg,meningioma,meningioma,axial,True,meningioma,1,129,99,181,174,D:\MSC Bioinformatics\INTERNSHIP\BrainTumor\data\processed\classification_224_rgb\test\meningioma\brisc2025_test_00255_me_ax_t1.png,D:\MSC Bioinformatics\INTERNSHIP\brisc2025\segmentation_task\test\masks\brisc2025_test_00255_me_ax_t1.png
brisc2025_test_00392_me_co_t1.jpg,meningioma,meningioma,coronal,True,meningioma,1,126,102,178,154,D:\MSC Bioinformatics\INTERNSHIP\BrainTumor\data\processed\classification_224_rgb\test\meningioma\brisc2025_test_00392_me_co_t1.png,D:\MSC Bioinformatics\INTERNSHIP\brisc2025\segmentation_task\test\masks\brisc2025_test_00392_me_co_t1.png
brisc2025_test_00478_me_sa_t1.jpg,meningioma,meningioma,sagittal,True,meningioma,1,117,51,161,93,D:\MSC Bioinformatics\INTERNSHIP\BrainTumor\data\processed\classification_224_rgb\test\meningioma\brisc2025_test_00478_me_sa_t1.png,D:\MSC Bioinformatics\INTERNSHIP\brisc2025\segmentation_task\test\masks\brisc2025_test_00478_me_sa_t1.png
brisc2025_test_00701_pi_ax_t1.jpg,pituitary,pituitary,axial,True,pituitary,3,98,84,129,108,D:\MSC Bioinformatics\INTERNSHIP\BrainTumor\data\processed\classification_224_rgb\test\pituitary\brisc2025_test_00701_pi_ax_t1.png,D:\MSC Bioinformatics\INTERNSHIP\brisc2025\segmentation_task\test\masks\brisc2025_test_00701_pi_ax_t1.png
brisc2025_test_00825_pi_co_t1.jpg,pituitary,pituitary,coronal,True,pituitary,3,91,98,129,132,D:\MSC Bioinformatics\INTERNSHIP\BrainTumor\data\processed\classification_224_rgb\test\pituitary\brisc2025_test_00825_pi_co_t1.png,D:\MSC Bioinformatics\INTERNSHIP\brisc2025\segmentation_task\test\masks\brisc2025_test_00825_pi_co_t1.png
brisc2025_test_00915_pi_sa_t1.jpg,pituitary,pituitary,sagittal,True,pituitary,3,73,119,104,138,D:\MSC Bioinformatics\INTERNSHIP\BrainTumor\data\processed\classification_224_rgb\test\pituitary\brisc2025_test_00915_pi_sa_t1.png,D:\MSC Bioinformatics\INTERNSHIP\brisc2025\segmentation_task\test\masks\brisc2025_test_00915_pi_sa_t1.png
